,類型代號,基金名稱,期初買入,定期定額,低點停利續扣,高點停利續扣,SMA
0,AA1,元大2001基金,15.87421860200795,3.53,-1.6,1.11,2.48
1,AA1,元大經貿基金,25.85733882030179,11.61,0.95,5.67,5.8
2,AA1,元大店頭基金,9.030544488711833,3.02,-0.58,-0.64,2.7
3,AA1,元大巴菲特基金,11.4957264957265,-1.46,-0.37,2.57,3.41
4,AA1,元大高科技基金,54.5748987854251,25.33,5.39,8.28,8.71
5,AA1,元大多多基金,6.616729088639195,-4.55,-2.22,1.05,3.09
6,AA1,元大卓越基金,9.02553930076866,-3.42,-0.17,2.0,3.31
7,AA1,元大多福基金,3.743315508021383,-1.43,-1.49,2.26,3.47
8,AA1,元大新主流基金,21.602434077079113,7.42,-1.4,1.36,5.71
9,AA2,元大華夏中小基金,14.91628614916285,2.79,4.82,10.42,6.4
10,AA2,元大全球公用能源效率基金-配息型,17.235494880546078,5.65,1.45,0.12,-0.19
11,AA2,元大全球公用能源效率基金-不配息型,21.610738255033567,7.37,1.4,0.26,0.02
12,AA2,元大亞太成長基金,-8.975712777191147,-7.0,-1.12,-1.81,-0.68
13,AA2,元大全球股票入息基金-美元配息,-4.714364947310045,-8.18,-1.34,0.17,0.71
14,AA2,元大全球股票入息基金-新台幣配息,-9.57446808510639,-8.25,-0.47,-0.69,-0.77
15,AA2,元大全球股票入息基金-新台幣不配息,2.298850574712641,-1.94,0.37,-0.08,-0.18
16,AA2,元大大中華TMT基金-新台幣,11.157894736842099,2.4,-0.22,3.64,4.67
17,AA2,元大新興亞洲基金,25.871766029246324,5.54,3.92,4.15,5.34
18,AA2,元大大中華TMT基金-人民幣,21.361256544502606,2.97,0.78,3.5,5.21
19,AA2,元大新中國基金-人民幣,9.623893805309747,-0.23,-1.54,3.16,5.86
20,AA2,元大全球農業商機基金,6.564690885914581,3.27,-0.62,-0.22,0.91
21,AA2,元大印度基金,35.16949152542372,10.98,4.45,5.07,4.39
22,AA2,元大新中國基金-新台幣,0.5313496280552776,-0.64,-3.92,2.65,6.03
23,AA2,元大新中國基金-美元,5.598755832037328,-0.65,0.0,3.38,6.1
24,AB2,元大中國平衡基金-新台幣,5.988023952095811,3.39,0.68,-0.17,1.02
25,AB2,元大中國平衡基金-人民幣,15.671641791044767,3.96,0.57,0.24,1.36
26,AC21,元大新興印尼機會債券基金-新台幣配息,-17.61680936098806,-8.25,-1.33,-0.29,-0.87
27,AC21,元大新興印尼機會債券基金-美金,-12.5587085022412,-7.97,-1.81,0.28,0.97
28,AC21,元大新興印尼機會債券基金-新台幣不配息,-3.0644916743219563,-0.13,0.09,1.03,0.2
29,AC21,元大新興印尼機會債券基金-人民幣,-8.62508715106478,-7.12,-0.26,-0.11,-0.1
30,AC21,元大中國機會債券基金-新台幣,-4.557074685653695,1.91,-1.93,-0.35,0.06
31,AD1,元大萬泰貨幣市場基金,1.0967737628752472,0.62,0.62,0.62,1.1
32,AD1,元大得寶貨幣市場基金,1.1157953197182824,0.63,0.63,0.63,1.12
33,AD1,元大得利貨幣市場基金,1.1559510070362489,0.66,0.66,0.66,1.16
34,AD2,元大人民幣貨幣市場基金-人民幣,9.998485221441689,5.09,5.09,5.09,10.0
35,AD2,元大美元貨幣市場基金-美元,4.037515498140198,2.64,2.64,2.64,4.04
36,AD2,元大美元貨幣市場基金-新台幣,-1.0531885665442053,2.85,0.19,1.25,0.78
37,AD2,元大人民幣貨幣市場基金-新台幣,0.4494011042427193,4.5,0.06,0.19,-0.27
38,AE21,元大全球新興市場精選組合基金,12.5,4.18,3.5,3.15,1.65
39,AE21,元大全球ETF成長組合基金,3.41708542713568,1.84,-0.08,1.21,0.73
40,AE23,元大全球ETF穩健組合基金,2.947368421052632,2.17,0.85,0.8,0.42
41,AG,元大全球地產建設入息基金-配息型,-2.4566473988439252,4.4,0.19,0.25,-0.71
42,AG,元大全球不動產證券化基金-美元,19.31773879142302,7.6,1.4,-0.01,0.4
43,AG,元大全球不動產證券化基金-人民幣,23.6893203883495,8.06,3.1,0.42,-0.65
44,AG,元大全球地產建設入息基金-不配息型,2.35294117647058,7.06,0.17,0.65,-0.25
45,AH1,元大台灣高股息基金,19.612263300270527,6.77,0.67,-0.03,0.59
46,AH1,元大摩臺基金,24.92462311557788,5.22,3.75,2.27,0.99
47,AH1,元大台灣電子科技基金,25.373678454247184,4.29,4.03,3.62,2.25
48,AH1,元大台商收成基金,6.307617661329457,-4.14,0.65,1.15,1.48
49,AH1,元大台灣卓越50基金,24.456606724003137,4.42,4.02,2.26,0.8
50,AH1,元大台灣50單日反向1倍基金,-35.68,-15.01,-4.15,-5.2,-3.21
51,AH1,元大台灣50單日正向2倍基金,88.77139979859014,26.8,10.1,8.52,5.49
52,AH1,元大台灣中型100基金,28.991935483870957,9.57,1.35,1.57,3.01
53,AH1,元大富櫃50基金,8.979947689625112,0.75,1.48,-0.94,-0.68
54,AH1,元大台灣金融基金,37.3228346456693,12.53,2.67,1.71,2.65
55,AH2,元大上證50基金,24.298711144806685,15.52,1.42,6.96,3.52
56,AH2,元大標普500基金,33.16557624559637,16.95,1.24,2.13,2.58
57,AH2,元大標普500單日正向2倍基金,66.28599801390268,26.13,2.52,4.87,6.54
58,AH2,元大標普500單日反向1倍基金,-34.1739577972208,-16.18,-7.4,-6.18,-2.45
59,AH2,元大滬深300單日反向1倍基金,-31.5075639019301,-19.17,-3.67,-2.06,-0.9
60,AH2,元大滬深300單日正向2倍基金,48.5637342908438,20.6,6.94,8.83,5.87
61,AH2,元大標智滬深300基金,12.751677852348987,10.59,0.46,4.16,1.91
62,AI1,元大台灣加權股價指數基金,36.33893146366649,11.83,5.1,4.24,4.22
63,AI2,元大印尼指數基金,9.414729126102394,5.13,0.44,-0.72,-0.11
64,AI2,元大大中華價值指數基金-美元,34.91914449660926,9.2,1.29,0.94,3.15
65,AI2,元大大中華價值指數基金-新台幣,28.44104224937436,9.22,1.24,0.12,1.5
66,AI2,元大大中華價值指數基金-人民幣,40.08307372793354,9.88,2.42,2.07,3.32
67,AI2,元大巴西指數基金,51.1659497396423,16.29,4.07,2.42,1.61
68,AI2,元大印度指數基金,22.509888529306,10.14,0.99,2.75,2.0
