類型代號,期初買入,定期定額,低點停利續扣,高點停利續扣,SMA
AA1,-13.777942915050776,4.45,-0.1655555555555556,2.6288888888888895,4.297777777777778
AA2,-7.818972971648701,0.9386666666666669,0.5306666666666667,2.2479999999999998,2.9213333333333336
AB2,-9.599052305449247,3.675,0.625,0.03499999999999999,1.19
AC21,10.62433830814875,-4.311999999999999,-1.048,0.11200000000000002,0.052000000000000005
AD1,-1.1103664412425236,0.6366666666666667,0.6366666666666667,0.6366666666666667,1.1266666666666667
AD2,-3.088368887670051,3.77,1.995,2.2925,3.6374999999999997
AE21,-7.207644962747006,3.01,1.71,2.1799999999999997,1.19
AE23,-2.862985685071573,2.17,0.85,0.8,0.42
AG,-8.780693339261394,6.78,1.2149999999999999,0.3275,-0.3025
AH1,-13.161868648251987,5.119999999999999,2.457,1.4929999999999999,1.3370000000000002
AH2,-4.342581358496966,7.777142857142857,0.2157142857142857,2.672857142857143,2.4385714285714286
AI1,-26.653378513055614,11.83,5.1,4.24,4.22
AI2,-22.91078129952093,9.976666666666667,1.741666666666667,1.2633333333333334,1.9116666666666664
