,野村ｅ科技基金,野村高科技基金,野村中小基金-累積類型,野村優質基金-累積類型新臺幣計價,野村優質基金-S類型新臺幣累積,野村台灣運籌基金,野村鴻運基金,野村積極成長基金
2015/12/31,13.8800,7.0800,33.9400,27.3800,,25.1100,16.0300,
2016/01/04,13.7000,6.9900,33.4200,27.0200,,24.7400,15.7300,
2016/01/05,13.7100,6.9900,33.4100,26.9500,,24.6200,15.7100,
2016/01/06,13.5000,6.8900,32.9400,26.3100,,24.1700,15.4700,
2016/01/07,13.0900,6.6700,32.3200,25.6300,,23.7100,15.1400,
2016/01/08,13.4500,6.8600,33.0200,26.0700,,24.1000,15.4300,
2016/01/11,13.1800,6.7200,32.5100,25.8000,,23.7400,15.1700,
2016/01/12,12.5900,6.4200,31.7900,25.3900,,23.4500,14.7700,
2016/01/13,12.8600,6.5600,32.3100,25.7600,,23.7200,15.0400,
2016/01/14,12.6900,6.4700,31.6400,25.1800,,23.3100,14.9100,
2016/01/15,12.6100,6.4300,31.7700,25.4100,,23.3900,14.9500,
2016/01/18,13.0200,6.6400,32.3100,26.0700,,23.8800,15.2200,
2016/01/19,13.2700,6.7700,32.8300,26.4200,,24.0900,15.3000,
2016/01/20,12.8200,6.5300,32.1600,25.5400,,23.5700,14.9000,
2016/01/21,12.8900,6.5700,32.2400,25.8000,,23.7200,14.8300,
2016/01/22,13.0600,6.6600,32.6300,25.9900,,23.9600,14.8200,
2016/01/25,13.3500,6.8100,33.1400,26.4600,,24.3300,15.1800,
2016/01/26,13.3900,6.8300,33.2300,26.6500,,24.4200,15.1300,
2016/01/27,13.3800,6.8300,33.1600,26.4400,,24.3100,15.1600,
2016/01/28,13.5500,6.9100,33.3700,26.7800,,24.4900,15.2600,
2016/01/29,13.6900,6.9900,33.7400,27.1100,,24.7600,15.5500,
2016/01/30,13.8200,7.0500,33.8200,27.4300,,24.9100,15.7200,
2016/02/01,13.7700,7.0300,33.8100,27.3600,,24.8200,15.6000,
2016/02/02,13.7900,7.0400,33.8000,27.1600,,24.7000,15.6100,
2016/02/03,13.6500,6.9600,33.6700,26.9200,,24.5700,15.4600,
2016/02/15,13.7300,7.0000,33.8000,26.9500,,24.7700,15.4600,
2016/02/16,13.8300,7.0500,33.7800,27.2800,,24.9900,15.6300,
2016/02/17,14.0100,7.1500,34.0500,27.4100,,25.0000,15.7000,
2016/02/18,14.3600,7.3300,34.5600,27.8900,,25.2600,16.2300,
2016/02/19,14.4200,7.3600,34.4700,27.8600,,25.2700,16.0500,
2016/02/22,14.4300,7.3600,34.4200,27.9100,,25.2900,15.7000,
2016/02/23,14.5100,7.4100,34.6500,28.2100,,25.4600,15.7900,
2016/02/24,14.2000,7.2400,34.0500,27.8700,,25.1600,15.5600,
2016/02/25,14.2200,7.2500,33.9000,27.7400,,25.1400,15.4900,
2016/02/26,14.3500,7.3200,34.0600,27.8600,,25.2600,15.6300,
2016/03/01,14.5200,7.4100,34.4000,28.3100,,25.5500,15.6800,
2016/03/02,14.5200,7.4100,34.2400,28.2200,,25.5800,15.7000,
2016/03/03,14.3900,7.3400,33.9800,27.9300,,25.4900,15.6500,
2016/03/04,14.4600,7.3800,34.0000,28.1500,,25.5900,15.7300,
2016/03/07,14.3100,7.3000,33.8900,28.1900,,25.5500,15.6100,
2016/03/08,14.3800,7.3400,34.0400,28.1800,,25.5300,15.5800,
2016/03/09,14.4200,7.3600,33.9900,28.2300,,25.5400,15.6200,
2016/03/10,14.4900,7.4000,34.2700,28.2600,,25.6800,15.6900,
2016/03/11,14.5800,7.4400,34.4000,28.4600,,25.7200,15.8500,
2016/03/14,14.8100,7.5700,34.6200,28.8700,,25.8800,16.0000,
2016/03/15,14.4400,7.3700,34.0500,28.2200,,25.3300,15.7400,
2016/03/16,14.6200,7.4600,34.3400,28.5200,,25.6300,15.8300,
2016/03/17,14.4300,7.3700,34.1400,28.3400,,25.5600,15.7600,
2016/03/18,14.6200,7.4600,34.6600,28.7200,,25.8800,15.7700,
2016/03/21,14.8200,7.5700,34.9800,28.9200,,26.0500,15.9700,
2016/03/22,14.7600,7.5400,34.8300,28.9400,,25.9600,15.8100,
2016/03/23,14.5200,7.4200,34.5400,28.6700,,25.7700,15.6400,
2016/03/24,14.5000,7.4100,34.3600,28.4900,,25.6400,15.5600,
2016/03/25,14.4800,7.4000,34.3100,28.4400,,25.6100,15.5800,
2016/03/28,14.5800,7.4400,34.4100,28.4000,,25.5600,15.5100,
2016/03/29,14.4400,7.3800,33.9500,27.9000,,25.2400,15.3500,
2016/03/30,14.7000,7.5100,34.4200,28.3800,,25.7300,15.7500,
2016/03/31,14.8100,7.5700,34.6600,28.4600,,25.8400,15.8900,
2016/04/01,14.8000,7.5600,34.6100,28.3100,,25.7700,15.8500,
2016/04/06,14.8400,7.5800,34.9000,28.1900,,25.7000,15.6700,
2016/04/07,14.8200,7.5600,34.7800,28.1100,,25.5500,15.7400,
2016/04/08,15.0400,7.6800,35.0300,28.2000,,25.7500,15.9200,
2016/04/11,14.8100,7.5700,34.7200,28.0300,,25.5000,15.9700,
2016/04/12,14.2000,7.2600,33.9400,27.3800,,24.9200,15.7300,
2016/04/13,14.6100,7.4700,34.6800,27.7100,,25.3500,15.9800,
2016/04/14,14.6200,7.4800,34.7600,27.7500,,25.4100,15.9900,
2016/04/15,14.7900,7.5600,35.0000,27.7400,,25.6700,16.1600,
2016/04/18,14.7700,7.5500,34.9400,27.5800,,25.6000,16.1500,
2016/04/19,14.7700,7.5500,34.9000,27.5900,,25.5500,16.0800,
2016/04/20,14.6700,7.5000,34.6400,27.3000,,25.4100,15.9000,
2016/04/21,14.8600,7.6000,35.2400,27.6400,,25.8900,15.9400,
2016/04/22,14.6700,7.5100,34.8900,27.2400,,25.5100,15.6900,
2016/04/25,14.5100,7.4300,34.8400,27.1600,,25.5200,15.8000,
2016/04/26,14.6000,7.4700,34.9300,27.4000,,25.7200,15.8800,
2016/04/27,14.4500,7.3900,34.7000,27.3400,,25.5600,15.8700,
2016/04/28,14.4300,7.3800,34.6100,27.2600,,25.4800,15.8700,
2016/04/29,14.1600,7.2500,34.2600,27.1200,,25.2400,15.7100,
2016/05/03,14.1500,7.2400,34.1800,26.7800,,25.0700,15.6800,
2016/05/04,14.1000,7.2200,33.9000,26.4700,,24.8100,15.5000,
2016/05/05,14.1000,7.2200,33.9700,26.5200,,24.8400,15.5000,
2016/05/06,13.8000,7.0700,33.6300,26.4000,,24.6000,15.4500,
2016/05/09,13.3700,6.8500,32.9300,26.2400,,24.2800,15.3500,
2016/05/10,13.4300,6.8800,32.8200,26.3800,,24.3100,15.4100,
2016/05/11,13.3400,6.8300,33.0400,26.6300,,24.4500,15.4600,
2016/05/12,12.8400,6.5800,32.3700,26.2300,,24.0800,15.3200,
2016/05/13,13.0600,6.6900,32.5800,26.2700,,24.1500,15.3400,
2016/05/16,13.1100,6.7100,32.5200,26.1800,,24.1700,15.6000,
2016/05/17,13.2600,6.7900,32.7900,26.5400,,24.5200,15.7700,
2016/05/18,13.2500,6.7900,32.8400,26.6100,,24.4800,15.8000,
2016/05/19,13.1500,6.7300,32.5100,26.3100,,24.2600,15.7200,
2016/05/20,13.2600,6.8000,32.7600,26.5500,,24.4400,15.8100,
2016/05/23,13.7000,7.0200,33.3900,27.1600,,24.9300,16.0900,
2016/05/24,13.6500,6.9900,33.2500,27.1700,,24.9300,16.0500,
2016/05/25,13.7200,7.0300,33.4600,27.3500,,25.0500,16.1100,
2016/05/26,13.8200,7.0800,33.7900,27.4700,,25.2600,16.0700,
2016/05/27,13.8600,7.1000,33.8800,27.5400,,25.3500,16.1600,
2016/05/30,14.0500,7.2000,34.2700,27.9300,,25.6100,16.4500,
2016/05/31,14.1700,7.2600,34.5300,28.1700,,25.7500,16.4700,
2016/06/01,14.2100,7.2800,34.5500,28.3600,,25.8800,16.4300,
2016/06/02,13.8500,7.1000,34.1300,28.1100,,25.6700,16.3000,
2016/06/03,13.8300,7.0900,34.2300,28.0800,,25.6800,16.2100,
2016/06/04,13.8200,7.0900,34.2000,28.0500,,25.7000,16.2100,
2016/06/06,13.7500,7.0500,34.2400,27.9000,,25.5400,16.1800,
2016/06/07,13.9200,7.1300,34.6700,28.2100,,25.7900,16.2600,
2016/06/08,13.9200,7.1400,34.7900,28.3100,,25.8900,16.2900,
2016/06/13,13.6900,7.0200,34.3800,27.8300,,25.3600,16.1600,
2016/06/14,13.7800,7.0700,34.5800,27.9200,,25.4100,16.1300,
2016/06/15,13.8300,7.0900,34.6300,28.0300,,25.4500,16.1700,
2016/06/16,13.7800,7.0700,34.4000,27.7500,,25.1700,16.1000,
2016/06/17,13.8600,7.1000,34.4500,27.9300,,25.4500,16.2200,
2016/06/20,13.8600,7.1100,34.4200,27.9400,,25.4500,16.2800,
2016/06/21,13.9800,7.1600,34.5700,28.0900,,25.6100,16.4100,
2016/06/22,13.9300,7.1400,34.6900,28.2500,,25.7800,16.4000,
2016/06/23,13.8300,7.0900,34.5300,28.0600,,25.6100,16.3100,
2016/06/24,13.4400,6.9000,33.7300,27.3100,,24.8700,15.8200,
2016/06/27,13.5600,6.9600,33.8600,27.3000,,24.9700,15.9500,
2016/06/28,13.6900,7.0200,34.2300,27.7000,,25.2600,16.2200,
2016/06/29,13.8000,7.0800,34.2300,27.8800,,25.3700,16.3800,
2016/06/30,14.0600,7.2100,34.6400,28.2200,,25.7300,16.5200,
2016/07/01,14.0600,7.2100,34.6500,28.2700,,25.7800,16.5400,
2016/07/04,14.1600,7.2600,34.9600,28.5400,,25.8900,16.6200,
2016/07/05,14.1200,7.2500,34.9400,28.4500,,25.8200,16.5100,
2016/07/06,13.9500,7.1600,34.5800,28.1500,,25.4600,16.3400,
2016/07/07,13.9600,7.1600,34.6600,28.4300,,25.6700,16.4200,
2016/07/11,13.9600,7.1700,34.7900,28.4600,,25.8000,16.5900,
2016/07/12,14.0200,7.1900,35.1700,28.6500,,26.0600,16.6400,
2016/07/13,14.1200,7.2400,35.2900,28.7800,,26.1400,16.8300,
2016/07/14,14.1200,7.2400,35.1500,28.7000,,26.0500,16.8500,
2016/07/15,14.2500,7.3100,35.5000,29.1600,,26.4600,16.9900,
2016/07/18,14.3500,7.3600,35.7000,29.5400,,26.7000,17.0700,
2016/07/19,14.3600,7.3600,35.7400,29.5000,,26.7600,17.0500,
2016/07/20,14.2500,7.3100,35.5700,29.3300,,26.6100,16.9800,
2016/07/21,14.4600,7.4100,35.9200,29.4300,,26.8900,17.1000,
2016/07/22,14.5100,7.4400,36.0800,29.5200,,26.9300,17.0800,
2016/07/25,14.5300,7.4400,35.9000,29.4000,,26.7600,17.0900,
2016/07/26,14.6500,7.5000,36.2700,29.7400,,26.9500,17.2100,
2016/07/27,14.7300,7.5500,36.5500,29.8900,,27.1700,17.2400,
2016/07/28,14.7700,7.5700,36.4000,29.9000,,27.1900,17.3100,
2016/07/29,14.6900,7.5300,36.2800,29.6900,,27.0300,17.2800,
2016/08/01,14.8300,7.6000,36.6900,29.8000,,27.2600,17.3800,
2016/08/02,14.8700,7.6200,36.7000,29.8700,,27.3300,17.3900,
2016/08/03,14.9400,7.6600,36.7800,29.9300,,27.3500,17.3100,
2016/08/04,15.1000,7.7400,37.0400,30.1000,,27.4900,17.3800,
2016/08/05,15.2400,7.8200,37.7000,30.4800,,27.8100,17.5200,
2016/08/08,15.2300,7.8100,37.6200,30.5800,,27.9000,17.5700,
2016/08/09,14.9600,7.6700,37.3300,30.4400,,27.7800,17.3900,
2016/08/10,15.1300,7.7600,37.7200,30.5500,,27.9500,17.4800,
2016/08/11,14.9100,7.6400,37.4000,30.3200,,27.7200,17.2700,
2016/08/12,15.0600,7.7200,37.6500,30.3900,,27.9500,17.4000,
2016/08/15,15.2000,7.7900,37.9300,30.4400,,28.0500,17.5500,
2016/08/16,15.3100,7.8500,38.0300,30.8400,,28.0900,17.6100,
2016/08/17,15.2300,7.8000,37.8600,30.9100,,28.0300,17.5600,
2016/08/18,15.3600,7.8700,38.0600,31.0300,,28.1000,17.6800,
2016/08/19,15.2100,7.8000,37.6100,30.6900,,27.7700,17.5500,
2016/08/22,15.1800,7.7900,37.4100,30.4400,,27.5700,17.4800,
2016/08/23,15.2700,7.8300,37.6200,30.5700,,27.7600,17.6400,
2016/08/24,15.1900,7.7900,37.7800,30.5200,,27.7700,17.6100,
2016/08/25,15.3100,7.8500,38.0400,30.6800,,27.9600,17.7900,
2016/08/26,15.2800,7.8400,38.2800,30.7600,,28.0500,17.8100,
2016/08/29,15.2700,7.8300,38.1900,30.6800,,28.0100,17.7700,
2016/08/30,15.3500,7.8700,38.3800,30.7100,,28.0900,17.8900,
2016/08/31,15.3300,7.8600,38.5000,30.9000,,28.0700,17.7600,
2016/09/01,15.4100,7.9000,38.4300,30.6600,,28.0800,17.7000,
2016/09/02,15.1100,7.7400,37.7000,30.2500,,27.7700,17.5600,
2016/09/05,15.4200,7.9000,38.1900,30.5900,,28.0700,17.7800,
2016/09/06,15.5300,7.9600,38.5500,30.9100,,28.3400,17.9200,
2016/09/07,15.6100,8.0000,39.0300,31.1900,,28.6400,18.0300,
2016/09/08,15.7000,8.0500,39.1600,31.3500,,28.7500,18.1400,
2016/09/09,15.6400,8.0200,38.9900,31.0500,,28.5100,18.0700,
2016/09/10,15.3400,7.8500,38.2100,30.6700,,28.1000,17.8500,
2016/09/12,15.2800,7.8200,37.9000,30.3600,,27.7400,17.8000,
2016/09/13,15.1200,7.7300,38.0500,30.4300,,27.8000,17.6400,
2016/09/14,15.1600,7.7500,38.4400,30.2400,,27.7700,17.8100,
2016/09/19,15.5200,7.9500,39.1900,30.9100,,28.5600,18.3100,
2016/09/20,15.5800,7.9800,39.3700,31.0000,,28.6800,18.2900,
2016/09/21,15.6400,8.0100,39.4100,31.2600,,28.7900,18.4100,
2016/09/22,15.5100,7.9400,39.2600,31.1700,,28.7700,18.2900,
2016/09/23,15.6000,7.9900,39.2400,31.3200,,28.8600,18.4000,
2016/09/26,15.4600,7.9100,38.7800,30.9800,,28.5600,18.2100,
2016/09/29,15.5300,7.9500,38.9600,31.2000,,28.7100,18.3400,
2016/09/30,15.5500,7.9600,38.9100,31.1600,,28.6300,18.2500,
2016/10/03,15.7100,8.0400,39.1300,31.3400,,28.7900,18.4100,
2016/10/04,15.7800,8.0800,39.1700,31.3700,,28.9100,18.4800,
2016/10/05,15.7100,8.0400,38.8700,31.1600,,28.7400,18.4700,
2016/10/06,15.7500,8.0700,39.0500,31.2200,,28.8700,18.5000,
2016/10/07,15.5900,7.9800,38.7800,30.9900,,28.7100,18.4500,
2016/10/11,15.3000,7.8300,38.0600,30.3800,,28.2800,18.3100,
2016/10/12,15.3200,7.8400,38.1400,30.4600,,28.3500,18.2500,
2016/10/13,15.1300,7.7400,37.7700,30.1900,,28.1000,18.0900,
2016/10/14,14.9300,7.6500,37.2500,29.6600,,27.7900,17.9900,
2016/10/17,15.0400,7.7000,37.3400,29.4900,,27.9600,18.1400,
2016/10/18,15.0700,7.7100,37.7100,29.7300,,28.1700,18.2000,
2016/10/19,15.1500,7.7500,37.7800,29.8400,,28.3300,18.3000,
2016/10/20,15.2200,7.7800,37.9400,29.9200,,28.4100,18.3300,
2016/10/21,15.2700,7.8200,37.8900,29.9200,,28.3600,18.3300,
2016/10/24,15.3100,7.8300,37.8400,29.8900,,28.3500,18.3000,
2016/10/25,15.4200,7.8900,37.9200,29.9800,,28.5000,18.5800,
2016/10/26,15.4300,7.8900,37.9900,29.8900,,28.4800,18.5000,
2016/10/27,15.3800,7.8600,37.9400,29.7300,,28.3900,18.5000,
2016/10/28,15.2100,7.7800,37.7700,29.6400,,28.3400,18.3800,
2016/10/31,15.1000,7.7300,37.6800,29.6600,,28.3600,18.4400,
2016/11/01,15.0500,7.6900,37.4600,29.4700,,28.2500,18.3100,
2016/11/02,14.5600,7.4500,36.2800,28.8400,,27.5200,17.8000,
2016/11/03,14.3000,7.3200,35.5600,28.4900,,27.2300,17.6400,
2016/11/04,14.4300,7.3900,35.7800,28.5500,,27.3300,17.7000,
2016/11/07,14.6300,7.4900,36.4300,28.7800,,27.6400,17.9800,
2016/11/08,14.6600,7.5100,36.3400,28.8200,,27.6800,18.1500,
2016/11/09,14.0200,7.1800,35.0600,27.9300,,26.7400,17.4300,
2016/11/10,14.5900,7.4700,36.4100,28.7300,,27.6400,17.9900,
2016/11/11,14.1200,7.2200,35.3800,27.9600,,26.8500,17.4400,
2016/11/14,13.9900,7.1600,35.1400,27.7400,,26.6800,17.2500,
2016/11/15,14.0500,7.1900,35.0900,27.8100,,26.7300,17.2000,
2016/11/16,14.1500,7.2400,35.1700,27.9600,,26.9300,17.3400,
2016/11/17,14.2000,7.2700,35.2500,28.0500,,26.9900,17.3900,
2016/11/18,14.3300,7.3300,35.4800,28.2600,,27.1900,17.5400,
2016/11/21,14.3200,7.3300,35.4800,28.2800,,27.2100,17.5900,
2016/11/22,14.4200,7.3800,35.7400,28.5300,,27.4300,17.7200,
2016/11/23,14.5500,7.4400,35.7000,28.5900,,27.5500,17.8400,
2016/11/24,14.4500,7.4000,35.5400,28.4400,,27.4400,17.6700,
2016/11/25,14.4800,7.4100,35.6500,28.5500,,27.4900,17.7400,
2016/11/28,14.5300,7.4400,35.8500,28.6600,,27.6000,17.9000,
2016/11/29,14.5900,7.4700,35.9500,28.6300,,27.6200,17.9300,
2016/11/30,14.5100,7.4300,35.8400,28.6000,,27.6200,17.8200,
2016/12/01,14.4500,7.3900,35.6500,28.5600,,27.5600,17.8200,
2016/12/02,14.3100,7.3200,35.1800,28.2700,,27.3200,17.6700,
2016/12/05,14.3100,7.3200,34.9900,28.1600,,27.1700,17.5400,
2016/12/06,14.4100,7.3700,35.4500,28.4900,,27.4500,17.7000,
2016/12/07,14.4900,7.4200,35.5300,28.6800,,27.5600,17.7000,
2016/12/08,14.6300,7.4900,35.8100,28.9900,,27.8300,17.8500,
2016/12/09,14.6500,7.5000,35.7200,28.9700,,27.8200,17.8700,
2016/12/12,14.5800,7.4600,35.4500,28.8100,,27.6500,17.6800,
2016/12/13,14.6200,7.4800,35.4900,28.8500,,27.7100,17.7300,
2016/12/14,14.6400,7.5000,35.6200,28.9500,,27.7400,17.7400,
2016/12/15,14.6800,7.5100,35.6400,28.9000,,27.7600,17.7100,
2016/12/16,14.6700,7.5100,35.6900,28.8700,,27.6900,17.7100,
2016/12/19,14.4800,7.4100,35.3300,28.5500,,27.3500,17.4900,
2016/12/20,14.5000,7.4200,35.1500,28.4700,,27.3600,17.5100,
2016/12/21,14.4900,7.4100,35.1200,28.4700,,27.3500,17.4800,
2016/12/22,14.3900,7.3600,34.7900,28.2700,,27.0800,17.3200,
2016/12/23,14.3400,7.3400,34.6800,28.1800,,27.0000,17.2300,
2016/12/26,14.3700,7.3500,34.7600,28.2800,,27.0900,17.1900,
2016/12/27,14.3900,7.3600,34.7700,28.3400,,27.0600,17.2200,
2016/12/28,14.5300,7.4400,35.1400,28.6500,,27.4400,17.4000,
2016/12/29,14.5100,7.4200,35.0600,28.6300,,27.4300,17.3500,
2016/12/30,14.5900,7.4700,35.2500,28.8800,,27.6700,17.4800,
2017/01/03,14.7100,7.5300,35.4400,28.9800,,27.7600,17.5100,
2017/01/04,14.7400,7.5400,35.4000,28.9600,,27.7500,17.5800,
2017/01/05,14.9000,7.6300,35.8100,29.2500,,28.0400,17.6100,
2017/01/06,15.0200,7.6900,35.9200,29.4700,,28.1200,17.6600,
2017/01/09,14.9100,7.6300,35.7100,29.3000,,27.9100,17.5700,
2017/01/10,14.9500,7.6500,35.7900,29.4200,,27.9700,17.6200,
2017/01/11,14.9200,7.6400,35.7800,29.3800,,27.8600,17.6200,
2017/01/12,14.9800,7.6700,36.0400,29.5600,,28.0900,17.6300,
2017/01/13,14.9700,7.6700,35.7700,29.4600,,28.0100,17.5500,
2017/01/16,14.8700,7.6100,35.4800,29.1900,,27.7600,17.4200,
2017/01/17,14.9900,7.6700,35.8200,29.5200,,28.0400,17.5100,
2017/01/18,15.0700,7.7200,35.8900,29.4600,,28.0700,17.5300,
2017/01/19,14.9900,7.6800,35.6400,29.2900,,27.9100,17.5200,
2017/01/20,14.9900,7.6800,35.7400,29.3200,,28.0400,17.5800,
2017/01/23,15.1100,7.7300,35.8500,29.5500,,28.2300,17.7200,
2017/01/24,15.1800,7.7700,35.9800,29.6700,,28.3900,17.8000,
2017/02/02,15.4100,7.8900,36.2100,29.7200,,28.5100,17.8000,
2017/02/03,15.4500,7.9100,36.3700,29.8600,,28.6100,17.8800,
2017/02/06,15.5300,7.9500,36.8800,30.1400,,28.7900,18.0400,
2017/02/07,15.4800,7.9300,37.0400,30.2300,,28.8600,18.1200,
2017/02/08,15.5500,7.9600,37.4400,30.4000,,28.8600,18.2600,
2017/02/09,15.7000,8.0500,37.7100,30.5800,,29.0000,18.2700,
2017/02/10,15.7000,8.0400,37.6900,30.7500,,29.2000,18.4400,
2017/02/13,15.8500,8.1300,37.8200,30.8500,,29.2900,18.5800,
2017/02/14,15.8900,8.1500,37.8000,30.8500,,29.2600,18.6000,
2017/02/15,16.0100,8.2100,37.9700,30.9800,,29.4400,18.7400,
2017/02/16,15.9400,8.1800,37.8000,30.8600,,29.3200,18.7200,
2017/02/17,15.9200,8.1600,37.7500,30.8100,,29.3400,18.6700,
2017/02/18,15.9800,8.2000,38.0000,30.9300,,29.4300,18.7000,
2017/02/20,15.7800,8.0900,37.5900,30.7300,,29.2300,18.6400,
2017/02/21,15.7700,8.0800,37.7600,30.8100,,29.3100,18.7200,
2017/02/22,15.9400,8.1700,37.9100,30.8600,,29.4400,18.7900,
2017/02/23,15.9700,8.1900,38.0900,30.9700,,29.5300,18.8700,
2017/02/24,15.9200,8.1600,37.9700,30.8200,,29.4100,18.8200,
2017/03/01,15.6900,8.0400,37.4600,30.5500,,29.1000,18.7100,
2017/03/02,15.7100,8.0500,37.4100,30.6600,,29.0400,18.8000,
2017/03/03,15.6600,8.0200,37.3000,30.7300,,29.0100,18.7400,
2017/03/06,15.7100,8.0500,37.4800,30.9300,,29.2100,18.8600,
2017/03/07,15.8100,8.1000,37.6200,31.0500,,29.3300,18.9100,
2017/03/08,15.8300,8.1100,37.5800,31.2000,,29.3700,18.9200,
2017/03/09,15.7300,8.0600,37.3900,30.9800,,29.1500,18.7700,
2017/03/10,15.6200,8.0000,37.2800,30.9100,,29.0500,18.7200,
2017/03/13,15.8100,8.1000,37.6400,31.2300,,29.2900,18.8500,
2017/03/14,15.8600,8.1300,37.6600,31.2900,,29.3500,19.0200,
2017/03/15,15.8400,8.1200,37.6000,31.2700,,29.3600,19.0200,
2017/03/16,15.9700,8.1900,37.9100,31.4500,,29.5700,19.2000,
2017/03/17,16.2000,8.3200,38.3200,31.8100,,29.7900,19.3200,
2017/03/20,16.2100,8.3200,38.3300,31.8100,,29.8800,19.4300,
2017/03/21,16.3000,8.3700,38.4700,31.9200,,30.0500,19.5300,
2017/03/22,16.3600,8.4000,38.3300,31.7700,,29.9500,19.5300,
2017/03/23,16.3400,8.3900,38.2600,31.7100,,29.9800,19.5700,
2017/03/24,16.3300,8.3800,38.1300,31.5700,,29.9700,19.4500,
2017/03/27,16.2800,8.3600,38.0400,31.4300,,29.8500,19.3000,
2017/03/28,16.3200,8.3800,38.0600,31.3700,,29.8500,19.2900,
2017/03/29,16.4500,8.4500,38.1100,31.4900,,29.9200,19.4000,
2017/03/30,16.5200,8.4900,38.1800,31.5700,,30.0600,19.4400,
2017/03/31,16.6400,8.5500,38.2800,31.5500,,30.2700,19.5400,
2017/04/05,16.7600,8.6200,38.5100,31.9300,,30.6300,19.8000,
2017/04/06,16.5900,8.5200,38.1900,31.7600,,30.4000,19.6900,
2017/04/07,16.6700,8.5700,38.3100,31.9000,,30.5000,19.6600,
2017/04/10,16.7700,8.6200,38.2300,31.8300,,30.4900,19.7200,
2017/04/11,16.3800,8.4100,37.6200,31.4800,,30.1700,19.4900,
2017/04/12,16.2900,8.3700,37.2500,31.3500,,30.0500,19.4100,
2017/04/13,16.3300,8.3900,36.9200,31.0700,,30.0400,19.4300,
2017/04/14,16.1600,8.3000,36.6400,30.9000,,29.8900,19.1300,
2017/04/17,16.3000,8.3800,36.7800,31.0800,,30.0800,19.1500,
2017/04/18,16.4800,8.4700,37.1800,31.4200,,30.4000,19.3400,
2017/04/19,16.2800,8.3700,37.1300,31.2400,,30.2300,19.2600,
2017/04/20,16.1200,8.2800,36.9000,31.2300,,30.2100,19.2000,
2017/04/21,16.2500,8.3500,37.2400,31.5100,,30.4700,19.3600,
2017/04/24,16.0600,8.2500,37.0700,31.5100,,30.5300,19.3600,
2017/04/25,16.4800,8.4700,37.6400,32.0500,,31.0900,19.6500,
2017/04/26,16.6500,8.5600,38.0000,32.1900,,31.2100,19.8000,
2017/04/27,16.7700,8.6200,38.0500,32.1800,,31.3300,19.8600,
2017/04/28,16.6600,8.5600,38.2500,32.2500,,31.4100,19.8300,
2017/05/02,16.8100,8.6400,38.4000,32.4200,,31.6100,19.9500,
2017/05/03,16.7300,8.6000,38.3000,32.4600,,31.6600,19.9300,
2017/05/04,16.7900,8.6300,38.2500,32.4000,,31.6400,19.9400,
2017/05/05,16.6100,8.5400,38.0800,32.3100,,31.5100,19.9000,
2017/05/08,16.6300,8.5500,38.1400,32.4200,,31.6500,19.9300,
2017/05/09,16.4800,8.4700,38.0200,32.3500,,31.5300,19.9300,
2017/05/10,16.7100,8.5900,38.4700,32.6900,,32.0000,20.1800,
2017/05/11,16.7400,8.6000,38.6100,32.7800,,32.0600,20.1600,
2017/05/12,16.8200,8.6400,38.5600,32.7600,,32.0300,20.1100,
2017/05/15,16.9300,8.7000,38.8700,32.9900,,32.1900,20.3200,
2017/05/16,16.9100,8.6900,38.7700,32.8200,,32.0900,20.2100,
2017/05/17,16.8100,8.6400,38.5500,32.8200,,31.9900,20.2000,
2017/05/18,16.6900,8.5800,38.3100,32.6200,,31.7300,19.9900,
2017/05/19,16.7200,8.5900,38.1300,32.4800,,31.5600,19.9000,
2017/05/22,16.9000,8.6800,38.4400,32.6100,,31.7700,19.9500,
2017/05/23,16.8700,8.6700,38.7800,32.6700,,31.8900,20.0600,
2017/05/24,16.8900,8.6800,39.1700,32.8400,,32.1000,20.2700,
2017/05/25,16.8600,8.6700,39.1700,32.9300,,32.2300,20.3300,
2017/05/26,16.6800,8.5800,39.0100,32.8500,,32.0400,20.1900,
2017/05/31,16.5900,8.5300,38.8100,32.6700,,31.8400,20.0400,
2017/06/01,16.7200,8.6000,38.9600,32.8900,,32.0700,20.1500,
2017/06/02,16.9100,8.6900,39.2100,33.1400,,32.3200,20.3100,
2017/06/03,17.0300,8.7500,39.4200,33.2200,,32.4800,20.4300,
2017/06/05,17.1400,8.8100,39.6900,33.3700,,32.7000,20.5600,
2017/06/06,17.0000,8.7400,39.6400,33.1700,,32.6200,20.5600,
2017/06/07,16.8800,8.6800,39.4900,33.1200,,32.5400,20.5000,
2017/06/08,16.9900,8.7300,39.6600,33.1800,,32.6800,20.5400,
2017/06/09,16.9200,8.7000,39.4600,33.0800,,32.5300,20.4700,
2017/06/12,16.7800,8.6200,39.3100,32.7800,,32.2900,20.3400,
2017/06/13,16.7700,8.6200,39.0600,32.5800,,32.1100,20.2300,
2017/06/14,16.6000,8.5400,38.6100,32.3900,,31.8200,20.1000,
2017/06/15,16.6900,8.5800,38.7800,32.5800,,32.0100,20.1000,
2017/06/16,16.8800,8.6800,39.0400,32.8200,,32.2500,20.2700,
2017/06/19,17.0600,8.7600,39.3000,33.1600,,32.5500,20.4400,
2017/06/20,17.1000,8.7800,39.4400,33.4000,,32.7700,20.5900,
2017/06/21,17.1900,8.8300,39.5700,33.4400,,32.8900,20.6800,
2017/06/22,17.3500,8.9100,40.0300,33.7700,,33.1800,20.8100,
2017/06/23,17.2600,8.8700,39.9200,33.7800,,33.1500,20.7500,
2017/06/26,17.6000,9.0400,40.3900,34.3700,,33.6500,21.0700,
2017/06/27,17.6300,9.0500,40.3900,34.4100,,33.6900,21.1100,
2017/06/28,17.3400,8.9000,39.7400,33.9700,,33.2300,20.8600,
2017/06/29,17.2600,8.8600,39.7300,34.1200,,33.3000,20.9100,
2017/06/30,17.2300,8.8500,39.6900,33.9900,,33.3000,20.8600,
2017/07/03,17.2200,8.8500,39.7100,34.0400,,33.4300,20.9200,
2017/07/04,17.1700,8.8200,39.5000,34.0000,,33.3600,20.9300,
2017/07/05,17.2400,8.8600,39.7300,34.1600,,33.5500,21.0300,
2017/07/06,17.4700,8.9700,39.9400,34.1700,,33.6200,21.0700,
2017/07/07,17.4000,8.9400,39.7000,34.1100,,33.4700,20.9500,
2017/07/10,17.5200,9.0000,39.9500,34.2800,,33.6700,21.0000,
2017/07/11,17.7500,9.1100,40.3500,34.7300,,34.0500,21.1900,
2017/07/12,18.1000,9.2800,41.0700,35.1100,,34.5200,21.3700,
2017/07/13,18.2200,9.3500,41.2700,35.3700,,34.7500,21.5200,
2017/07/14,18.3200,9.4000,41.7000,35.5100,,34.8800,21.6800,
2017/07/17,18.3200,9.3900,41.8700,35.5000,,34.8300,21.6800,
2017/07/18,18.6500,9.5700,42.4800,35.8000,,35.1900,21.8100,
2017/07/19,18.8400,9.6600,42.8000,35.8900,,35.3700,21.8900,
2017/07/20,18.8900,9.6900,42.6800,35.9300,,35.4000,21.9000,
2017/07/21,18.9400,9.7100,42.5000,35.6700,,35.1800,21.8000,
2017/07/24,19.1000,9.8000,42.7500,35.8000,,35.3700,21.8200,
2017/07/25,19.4200,9.9600,43.3600,36.0500,,35.7600,22.0500,
2017/07/26,19.5700,10.0300,43.2800,35.9400,,35.6500,22.0400,
2017/07/27,19.8600,10.1800,43.7100,36.3700,,36.0500,22.2800,
2017/07/28,19.3500,9.9200,43.0900,35.9700,,35.7000,22.1000,
2017/07/31,19.4800,9.9900,43.3800,36.2800,,35.9000,22.2700,
2017/08/01,19.6000,10.0400,43.4900,36.4300,,36.1200,22.4600,
2017/08/02,19.8900,10.1900,44.0500,36.8400,,36.4900,22.6100,
2017/08/03,19.9500,10.2200,43.6400,36.5100,,36.2000,22.4300,
2017/08/04,20.0200,10.2500,43.8800,36.6500,,36.4700,22.5900,
2017/08/07,20.4500,10.4800,44.4200,36.8700,,36.8700,22.8400,
2017/08/08,20.1800,10.3400,43.9200,36.7400,,36.6400,22.6800,
2017/08/09,19.7100,10.0900,43.1200,36.1300,,36.0300,22.3200,
2017/08/10,19.2300,9.8300,42.1600,35.4600,,35.2900,21.9100,
2017/08/11,19.4600,9.9400,42.5700,35.6200,,35.5100,21.9800,
2017/08/14,19.1700,9.7900,42.0200,35.1600,,35.0300,21.7200,
2017/08/15,19.4100,9.9200,42.5400,35.6700,,35.5100,21.8500,
2017/08/16,19.5300,9.9800,42.6000,35.7400,,35.5600,21.9400,
2017/08/17,19.8800,10.1700,43.0900,36.2300,,36.1400,22.3100,
2017/08/18,19.7600,10.1100,42.8800,35.9800,,36.0100,22.2400,
2017/08/21,19.6900,10.0700,42.8200,35.9800,,36.0300,22.2100,
2017/08/22,19.8600,10.1600,43.1000,36.0400,,36.1000,22.2900,
2017/08/23,19.8100,10.1300,43.2400,36.1500,,36.2000,22.4200,
2017/08/24,20.0100,10.2400,44.0800,36.5800,,36.7000,22.6700,
2017/08/25,20.2000,10.3400,44.2600,36.6600,,36.8900,22.6900,
2017/08/28,20.1200,10.3000,44.1800,36.5600,,36.7900,22.7200,
2017/08/29,20.0600,10.2700,44.1100,36.3600,,36.5800,22.6000,
2017/08/30,20.1600,10.3200,44.4200,36.7500,,36.8900,22.7400,
2017/08/31,20.1400,10.3100,44.3600,36.8400,,36.9200,22.8200,
2017/09/01,20.3100,10.4000,44.5300,36.8600,,36.9900,22.8600,
2017/09/04,20.2700,10.3800,44.4700,36.6600,,36.7600,22.7300,
2017/09/05,20.5600,10.5400,45.0300,37.0600,,37.1500,22.9700,
2017/09/06,20.5000,10.5100,44.7100,36.8900,,37.0000,22.7800,
2017/09/07,20.1900,10.3400,44.2700,36.7000,,36.7700,22.7300,
2017/09/08,20.4600,10.4800,44.6800,36.9500,,37.0000,22.8300,
2017/09/11,20.2700,10.3800,44.1600,36.7100,,36.6000,22.7300,
2017/09/12,20.1700,10.3300,44.3200,36.7900,,36.6400,22.6800,
2017/09/13,19.8600,10.1700,43.9000,36.5500,,36.2900,22.5500,
2017/09/14,20.1400,10.3100,44.2700,36.6800,,36.5900,22.6200,
2017/09/15,20.2200,10.3600,44.5000,36.8300,,36.7500,22.6900,
2017/09/18,20.4300,10.4600,44.6800,36.8500,,36.8800,22.6100,
2017/09/19,20.1500,10.3200,44.5400,36.5800,,36.5100,22.4000,
2017/09/20,19.8800,10.1800,44.3500,36.2800,,36.2400,22.1700,
2017/09/21,20.2600,10.3800,44.9000,36.9500,,36.9300,22.4000,
2017/09/22,19.7500,10.1100,44.1300,36.2000,,36.1400,22.0200,
2017/09/25,19.2300,9.8300,43.3500,35.6600,,35.4900,21.7400,
2017/09/26,18.9200,9.6700,42.4800,34.9400,,34.7200,21.4600,
2017/09/27,19.3700,9.9200,43.4400,35.5000,,35.4200,21.7500,
2017/09/28,19.3300,9.8900,43.4300,35.4900,,35.4100,21.7000,
2017/09/29,19.2100,9.8300,43.1500,35.2100,,35.2000,21.6000,
2017/09/30,19.4800,9.9700,43.6300,35.5400,,35.6700,21.8800,
2017/10/02,19.6800,10.0800,44.2400,35.9800,,36.1200,22.0700,
2017/10/03,19.6500,10.0600,44.3300,35.9000,,36.0700,21.9300,
2017/10/05,19.8300,10.1600,44.5900,36.0700,,36.2300,22.0700,
2017/10/06,19.7800,10.1300,44.2500,35.8600,,36.0700,22.0200,
2017/10/11,19.7800,10.1400,44.2500,35.9300,,36.0700,22.0100,
2017/10/12,20.0500,10.2800,44.6600,36.2300,,36.4600,22.2500,
2017/10/13,20.0600,10.2900,44.6900,36.3400,,36.5300,22.3700,
2017/10/16,20.1800,10.3600,44.7700,36.4800,,36.6300,22.3800,
2017/10/17,19.9700,10.2500,44.6100,36.1700,,36.2100,22.1300,
2017/10/18,19.6700,10.0900,44.1400,35.8700,,35.8400,21.9200,
2017/10/19,19.9900,10.2500,45.1700,36.2500,,36.3600,22.1200,
2017/10/20,19.9400,10.2300,44.9400,36.0400,,36.2200,22.0700,
2017/10/23,20.0200,10.2600,45.0800,36.0400,,36.3600,22.1300,
2017/10/24,20.1100,10.3100,45.1100,36.2700,,36.5600,22.2400,
2017/10/25,20.1400,10.3300,44.8500,36.1700,,36.3900,22.1900,
2017/10/26,20.2600,10.3900,45.1800,36.1800,,36.4400,22.3600,
2017/10/27,19.9000,10.2100,44.4200,35.8700,,35.9100,21.9700,
2017/10/30,20.1600,10.3600,45.0600,36.2700,,36.2700,22.0800,
2017/10/31,20.5000,10.5300,45.3900,36.5400,,36.5200,22.2600,
2017/11/01,20.7300,10.6500,45.8500,36.7600,,36.9300,22.4500,
2017/11/02,20.6600,10.6200,45.6100,36.8300,,36.9300,22.4900,
2017/11/03,20.7700,10.6800,45.7200,37.0200,,37.2800,22.5800,
2017/11/06,20.7800,10.6800,45.7600,36.8700,,37.1200,22.5200,
2017/11/07,20.8800,10.7200,46.0700,37.1000,,37.1800,22.5500,
2017/11/08,21.0500,10.8200,46.3600,37.2400,,37.4400,22.6500,
2017/11/09,20.6300,10.5900,45.6300,36.8900,,37.0100,22.3000,
2017/11/10,20.8700,10.7200,45.8100,36.8500,,37.1200,22.3400,
2017/11/13,20.6900,10.6300,45.6700,36.6900,,36.7000,22.0700,
2017/11/14,20.7300,10.6500,45.8700,36.5100,,36.6100,22.0600,
2017/11/15,20.9500,10.7700,46.1400,36.4800,,36.6800,22.0400,
2017/11/16,20.7700,10.6700,46.1500,36.4400,,36.7800,22.0400,
2017/11/17,20.8100,10.6900,46.7100,36.5300,,37.2600,22.1200,
2017/11/20,20.6600,10.6100,46.3600,36.3200,,36.9700,21.9100,
2017/11/21,21.0700,10.8200,47.1000,36.5100,,37.3200,22.0600,
2017/11/22,21.0000,10.7800,46.8800,36.6000,,37.2900,22.0900,
2017/11/23,21.1500,10.8600,46.9500,36.6400,,37.3300,22.1600,
2017/11/24,21.3300,10.9500,47.5400,36.8400,,37.6000,22.3600,
2017/11/27,21.2000,10.8800,47.2000,36.4900,,37.2400,22.2700,
2017/11/28,21.2800,10.9200,47.4100,36.4900,,37.3200,22.3000,
2017/11/29,21.4600,11.0200,47.6300,36.6400,,37.5500,22.5000,
2017/11/30,21.2700,10.9300,47.6300,36.2900,,37.1300,22.2500,
2017/12/01,21.0500,10.8200,46.8600,35.9300,,36.4800,21.9100,
2017/12/04,20.8500,10.7100,46.3300,35.9600,,36.3100,21.8400,
2017/12/05,20.2900,10.4200,45.0300,35.4500,,35.7300,21.4000,
2017/12/06,19.6300,10.0700,43.8900,34.5000,,34.7600,20.7900,
2017/12/07,19.5500,10.0300,43.8500,34.2300,,34.7200,20.7600,
2017/12/08,20.0900,10.3100,44.6600,34.6700,,35.4800,21.0600,
2017/12/11,20.3400,10.4400,45.2800,35.0100,,35.8400,21.3700,
2017/12/12,19.9900,10.2500,45.0900,34.8600,,35.7700,21.0700,
2017/12/13,19.9600,10.2400,44.9700,34.7300,,35.6800,21.1000,
2017/12/14,19.9100,10.2100,44.7500,34.8400,,35.6500,21.1700,
2017/12/15,19.8000,10.1500,44.7100,34.6500,,35.5900,21.0900,
2017/12/18,19.8300,10.1700,45.1500,34.8000,,35.9600,21.1400,
2017/12/19,19.8400,10.1700,44.9400,34.4000,,35.7700,21.1600,
2017/12/20,20.0800,10.2900,45.5900,34.6500,,36.1800,21.3400,
2017/12/21,19.8900,10.1900,45.4900,34.6200,,35.9800,21.2700,
2017/12/22,19.9200,10.2100,45.5300,34.6600,,36.0200,21.3000,
2017/12/25,19.7500,10.1200,45.2100,34.4800,,35.8000,21.1500,
2017/12/26,19.3000,9.8900,44.3300,33.9900,,35.1800,20.7300,
2017/12/27,19.4500,9.9600,44.4900,34.2500,,35.4600,20.8400,
2017/12/28,19.8500,10.1700,45.3900,34.6900,,36.0500,21.1800,
2017/12/29,19.8600,10.1800,45.5900,34.8000,,36.2500,21.2300,
2018/01/02,20.0200,10.2600,45.8200,35.1500,,36.5700,21.4800,
2018/01/03,20.5600,10.5300,46.7400,35.3400,,37.0900,21.7000,
2018/01/04,20.8200,10.6700,47.3800,35.6700,,37.7000,22.0100,
2018/01/05,20.8600,10.6900,47.4300,35.7800,,37.7300,22.0300,
2018/01/08,20.7100,10.6100,47.0500,35.3000,,37.3500,21.6900,
2018/01/09,20.4900,10.5000,46.7600,35.0400,,36.9800,21.6200,
2018/01/10,20.1200,10.3100,46.0900,34.6100,,36.4900,21.3500,
2018/01/11,20.4800,10.5000,46.0300,34.6200,,36.5000,21.3400,
2018/01/12,20.4400,10.4800,46.3600,34.7900,,36.6700,21.5500,
2018/01/15,20.5000,10.5100,46.4800,34.8000,,36.7100,21.5900,
2018/01/16,20.6400,10.5800,46.4500,34.8000,,36.6600,21.5800,
2018/01/17,20.7500,10.6400,46.3100,34.6900,,36.5600,21.6000,
2018/01/18,20.7400,10.6300,46.7100,34.7800,,36.8500,21.7200,
2018/01/19,20.9300,10.7300,47.0600,34.8400,,36.9900,21.6900,
2018/01/22,21.5300,11.0200,48.1400,35.4400,,37.7000,21.9600,
2018/01/23,21.3000,10.9100,48.2400,35.3600,,37.5500,21.8900,
2018/01/24,21.5300,11.0300,47.9800,35.1700,,37.3600,21.9900,
2018/01/25,21.4500,10.9800,47.4800,34.9300,,37.1300,21.8200,
2018/01/26,21.3200,10.9100,47.3600,35.1200,,37.0900,22.0200,
2018/01/29,21.8400,11.1900,47.8000,35.2200,,37.3900,22.0300,
2018/01/30,21.5000,11.0000,47.3400,34.9100,,37.0100,21.8000,
2018/01/31,21.5800,11.0500,47.8700,35.1600,,37.1900,21.8400,
2018/02/01,21.4800,10.9900,47.8600,35.1300,,37.2100,21.8200,
2018/02/02,21.5400,11.0300,47.8900,35.0400,,37.1000,21.7800,
2018/02/05,21.0600,10.7800,47.1100,34.4800,,36.5600,21.4500,
2018/02/06,19.5600,9.9800,44.2100,32.2900,,34.4500,20.2100,
2018/02/07,20.1900,10.3200,45.4200,33.1400,,35.3400,20.5700,
2018/02/08,19.8900,10.1600,44.7400,32.7400,,34.9500,20.3000,
2018/02/09,19.4900,9.9500,44.1900,32.2100,,34.5700,20.1800,
2018/02/12,19.4100,9.9100,44.1400,32.1800,,34.5300,20.1500,
2018/02/21,20.3400,10.4000,45.8800,33.1900,,35.7400,20.7800,
2018/02/22,20.3300,10.3900,45.8700,33.1600,,35.4800,20.7900,
2018/02/23,20.4000,10.4300,46.1500,33.4000,,35.7600,20.9200,
2018/02/26,20.4000,10.4300,46.4600,33.5400,,35.9300,20.9900,
2018/02/27,20.3000,10.3800,46.3700,33.5200,,35.8900,21.0400,
2018/03/01,20.4900,10.4900,46.6800,33.5900,,36.0100,21.0200,
2018/03/02,20.2800,10.3800,46.3200,33.3300,,35.6300,20.8200,
2018/03/05,20.2300,10.3600,45.8700,33.0500,,35.2900,20.5700,
2018/03/06,20.6200,10.5700,46.5900,33.5300,,35.7800,20.7000,
2018/03/07,20.7200,10.6200,46.8500,33.6600,,35.8800,20.6000,
2018/03/08,20.8900,10.7200,47.1400,33.9800,,36.2400,20.7900,
2018/03/09,20.9000,10.7300,47.3600,34.1700,,36.4100,20.8600,
2018/03/12,21.0100,10.7900,47.8200,34.3800,,36.7800,21.0700,
2018/03/13,21.1100,10.8500,48.0400,34.6600,,37.0800,21.1300,
2018/03/14,21.0700,10.8300,47.7900,34.4800,,36.7700,21.0700,
2018/03/15,21.2400,10.9200,47.8100,34.4300,,36.8100,21.0200,
2018/03/16,21.2900,10.9400,47.8900,34.5200,,36.8500,20.9000,
2018/03/19,21.4900,11.0500,48.0300,34.5500,,36.9600,21.0100,
2018/03/20,21.6600,11.1400,48.1400,34.6500,,37.1000,21.1100,
2018/03/21,21.7300,11.1800,48.5900,34.8200,,37.3800,21.0500,
2018/03/22,21.5300,11.0900,48.2000,34.6400,,37.2000,20.9000,
2018/03/23,20.8800,10.7500,47.2400,33.8900,,36.3400,20.4700,
2018/03/26,21.1000,10.8600,47.4000,33.9900,,36.5100,20.5500,
2018/03/27,21.5500,11.1000,48.0800,34.4400,,37.0100,20.8200,
2018/03/28,21.1600,10.9100,47.4100,33.9300,,36.5600,20.6000,
2018/03/29,21.3500,11.0000,47.9000,34.1700,,36.8300,20.6800,
2018/03/30,21.2900,10.9800,48.0600,34.2600,,36.9900,20.7700,
2018/03/31,21.3000,11.0000,47.9100,34.1800,,36.9900,20.7600,
2018/04/02,21.1600,10.9100,47.6000,33.8600,,36.6600,20.5800,
2018/04/03,21.0200,10.8500,47.7500,33.7600,,36.5800,20.4800,
2018/04/09,21.2500,10.9800,48.3300,33.6000,,36.7700,20.4600,
2018/04/10,21.4000,11.0500,48.6100,33.6900,,36.8800,20.3700,
2018/04/11,21.5200,11.1100,49.0600,33.7700,,37.0500,20.4600,
2018/04/12,21.6200,11.1700,49.1800,33.8700,,37.1500,20.5500,
2018/04/13,22.0100,11.3500,49.8200,34.1500,,37.3600,20.6600,
2018/04/16,22.4600,11.5900,50.5700,34.5800,,37.9500,20.9100,
2018/04/17,21.8900,11.2900,49.5400,33.8100,,37.1200,20.4600,
2018/04/18,22.5500,11.6300,50.1100,34.1700,,37.6500,20.7500,
2018/04/19,22.9000,11.8100,50.4300,34.3000,,37.8800,20.8700,
2018/04/20,22.2700,11.4900,49.1600,33.4300,,37.0800,20.4400,
2018/04/23,22.2700,11.4800,48.6900,33.3500,,36.8900,20.2000,
2018/04/24,21.0800,10.8500,47.0000,32.3600,,35.7100,19.6300,
2018/04/25,20.7100,10.6500,46.7800,31.9700,,35.3800,19.5800,
2018/04/26,20.5900,10.5800,46.2100,31.5400,,34.8900,19.3400,
2018/04/27,21.1700,10.8900,46.8700,32.0600,,35.5000,19.6400,
2018/04/30,21.1800,10.9000,47.5500,32.5200,,35.8900,19.7900,
2018/05/02,21.3200,10.9600,47.8600,32.7100,,36.1600,19.9300,
2018/05/03,20.9800,10.7800,47.6600,32.4600,,35.8900,19.7700,
2018/05/04,21.1200,10.8600,47.3300,32.4000,,35.5800,19.5400,
2018/05/07,21.9200,11.2800,48.5400,33.1700,,36.3400,19.8600,11.7700
2018/05/08,21.9400,11.2900,48.4600,33.2000,,36.4700,20.0000,11.8100
2018/05/09,22.4900,11.5800,49.2600,33.6900,,37.0100,20.1800,11.8900
2018/05/10,23.2800,11.9800,50.1900,34.2600,,37.7000,20.4500,11.9500
2018/05/11,23.4200,12.0400,50.6500,34.2900,,37.7600,20.4600,11.9600
2018/05/14,24.6600,12.6700,52.3600,35.3300,,38.9100,21.0500,12.0900
2018/05/15,24.7400,12.7000,52.3900,35.2600,,38.8800,20.9700,12.0100
2018/05/16,24.5300,12.5900,51.8900,34.9600,,38.5800,20.8900,12.0400
2018/05/17,23.7800,12.2200,50.9000,34.4700,,38.0200,20.6000,12.0300
2018/05/18,24.0000,12.3200,51.1200,34.5300,,38.1300,20.6800,12.0100
2018/05/21,24.8100,12.7100,52.2700,35.2900,,38.9400,21.0700,12.0800
2018/05/22,24.8900,12.7500,52.0900,35.3100,,38.9000,21.0300,12.0400
2018/05/23,24.3700,12.4800,51.5400,34.8400,,38.5300,20.9300,12.0200
2018/05/24,24.7000,12.6600,51.8600,35.1700,,38.7700,21.0300,12.0700
2018/05/25,25.2200,12.9300,52.4700,35.6400,,39.1400,21.1700,12.0600
2018/05/28,26.1100,13.3900,53.3900,36.3200,,39.7600,21.4500,12.1300
2018/05/29,26.0900,13.3800,53.0700,36.1300,,39.7000,21.4400,12.1100
2018/05/30,25.8200,13.2300,52.5200,35.8000,,39.3100,21.2900,12.0000
2018/05/31,25.4100,13.0200,52.1400,35.5600,,39.1800,21.2900,12.0800
2018/06/01,25.5700,13.1100,52.4500,35.9100,,39.5200,21.4600,12.1600
2018/06/04,25.9000,13.2800,53.4200,36.6200,10.0000,40.1600,21.7500,12.3100
2018/06/05,25.4400,13.0400,52.8800,36.2700,9.9000,39.8100,21.5800,12.2700
2018/06/06,26.3200,13.5000,54.2000,37.2600,10.1800,40.7900,22.0800,12.4000
2018/06/07,26.7900,13.7500,54.4600,37.5900,10.2700,41.2400,22.2500,12.4200
2018/06/08,26.6900,13.6900,53.7700,37.0000,10.1100,40.5000,21.8800,12.3700
2018/06/11,27.3200,14.0300,54.2100,37.2100,10.1700,40.2600,21.7900,12.2700
2018/06/12,27.2500,14.0000,53.8400,36.9800,10.1000,40.0100,21.7000,12.2800
2018/06/13,26.4500,13.5800,53.3000,36.8100,10.0600,39.8200,21.5800,12.2800
2018/06/14,26.2500,13.4700,52.8800,36.4400,9.9600,39.2500,21.3300,12.1700
2018/06/15,26.4400,13.5700,53.4200,36.9000,10.0800,39.7000,21.5200,12.2200
2018/06/19,25.8400,13.2600,51.9800,36.0700,9.8600,38.9100,21.1500,12.1100
2018/06/20,25.1700,12.9200,50.7600,35.5400,9.7100,38.4700,20.9700,12.1200
2018/06/21,25.5400,13.1100,51.2200,35.9000,9.8100,38.7500,21.1700,12.1700
2018/06/22,24.8300,12.7500,49.8600,35.2400,9.6300,38.0600,20.8500,12.1400
2018/06/25,25.2000,12.9300,49.8500,35.3100,9.6500,38.2200,20.9600,12.2200
2018/06/26,25.5600,13.1100,50.4700,35.5800,9.7300,38.1700,20.9100,12.1600
2018/06/27,25.6900,13.1800,50.5000,35.5400,9.7100,38.2400,20.9400,12.1200
2018/06/28,25.5800,13.1200,50.3300,35.3700,9.6700,38.2000,20.8800,12.0400
2018/06/29,26.1700,13.4200,51.3900,36.1300,9.8800,38.8500,21.1800,12.1700
2018/07/02,26.7500,13.7200,52.0500,36.5600,10.0000,38.6300,21.0100,12.1200
2018/07/03,26.5800,13.6400,51.5000,35.9900,9.8400,38.3500,20.8700,12.0500
2018/07/04,26.7100,13.7000,51.3500,35.9500,9.8300,38.0900,20.7000,12.0700
2018/07/05,25.7200,13.1900,49.6000,35.0000,9.5700,37.3100,20.2600,11.9000
2018/07/06,25.8500,13.2700,50.3500,35.4300,9.6900,37.7900,20.5100,11.9500
2018/07/09,25.9600,13.3200,50.4800,35.6400,9.7500,38.0700,20.6300,12.0300
2018/07/10,26.6100,13.6600,51.3700,36.2800,9.9200,38.4100,20.7800,12.0800
2018/07/11,26.0700,13.3800,50.7600,35.8100,9.8000,38.0700,20.6400,12.0500
2018/07/12,26.7600,13.7500,51.5200,36.3700,9.9500,38.6900,20.9600,12.1600
2018/07/13,26.7600,13.7400,52.2000,36.7300,10.0500,39.3500,21.3300,12.2900
2018/07/16,26.4600,13.5900,51.8800,36.5400,10.0000,39.4200,21.3700,12.3000
2018/07/17,26.0200,13.3600,51.0600,36.3000,9.9300,39.1800,21.2700,12.2800
2018/07/18,25.5400,13.1100,50.7000,36.0300,9.8600,39.0100,21.1900,12.3300
2018/07/19,25.4700,13.0700,50.8900,36.2400,9.9200,39.1300,21.2600,12.3200
2018/07/20,24.5900,12.6200,50.3100,35.6500,9.7600,39.1200,21.2400,12.3900
2018/07/23,24.7700,12.7100,50.4200,35.4700,9.7100,38.4500,20.8700,12.3300
2018/07/24,25.2800,12.9700,51.3400,36.2800,9.9300,38.9500,21.1500,12.4300
2018/07/25,25.5300,13.0900,51.7800,36.4400,9.9700,38.9100,21.1200,12.4400
2018/07/26,25.9200,13.2700,52.1900,36.6900,10.0400,39.1100,21.2300,12.5300
2018/07/27,26.1800,13.4000,52.5200,37.0300,10.1400,39.6000,21.4700,12.5800
2018/07/30,24.8100,12.7400,51.1300,35.8700,9.8200,38.8100,21.0700,12.5300
2018/07/31,24.8800,12.7700,50.9400,35.8500,9.8100,39.0700,21.2200,12.5800
2018/08/01,25.0100,12.8300,51.3700,36.2600,9.9300,39.2900,21.3200,12.6000
2018/08/02,23.9100,12.3000,50.1900,35.2600,9.6600,38.4800,20.9000,12.4700
2018/08/03,24.1400,12.4100,50.5500,35.3400,9.6800,38.6400,21.0100,12.5500
2018/08/06,23.9200,12.3100,50.8700,35.3700,9.6900,38.6300,21.0200,12.5900
2018/08/07,24.4500,12.5600,50.9100,35.4500,9.7100,38.6200,20.9800,12.5400
2018/08/08,23.8300,12.2600,50.5700,35.1100,9.6200,38.4400,20.8700,12.6800
2018/08/09,23.7400,12.2200,50.5200,35.1100,9.6200,38.1800,20.7500,12.6300
2018/08/10,23.0900,11.9000,49.9000,34.8300,9.5500,37.9400,20.6400,12.6100
2018/08/13,21.7300,11.2300,48.1300,33.7500,9.2500,36.8000,20.0100,12.3600
2018/08/14,22.2100,11.4600,48.6800,34.1400,9.3600,37.2300,20.2000,12.5400
2018/08/15,21.8300,11.2700,47.5300,33.3800,9.1500,36.5800,19.8600,12.4100
2018/08/16,22.3600,11.5300,48.1000,33.6500,9.2300,36.8600,19.9900,12.3400
2018/08/17,22.0200,11.3700,47.7600,33.4000,9.1600,36.6100,19.8700,12.3300
2018/08/20,22.0000,11.3600,47.7200,33.3500,9.1500,36.0700,19.5700,12.2500
2018/08/21,22.1100,11.4200,48.4700,33.8900,9.2900,36.5900,19.8500,12.4000
2018/08/22,21.8900,11.3100,47.8900,33.4900,9.1800,36.4100,19.7600,12.3800
2018/08/23,21.5500,11.1500,47.8300,33.6400,9.2300,36.5600,19.8400,12.4800
2018/08/24,21.5000,11.1200,47.5900,33.4700,9.1800,36.1100,19.5800,12.3700
2018/08/27,22.4600,11.5800,48.6200,34.1100,9.3600,36.8700,19.9900,12.5300
2018/08/28,22.3600,11.5300,48.8500,34.3100,9.4100,37.2100,20.1800,12.6300
2018/08/29,22.7300,11.7100,49.1600,34.5600,9.4800,37.5400,20.3400,12.6700
2018/08/30,22.7800,11.7400,49.6400,34.6600,9.5100,37.5800,20.3500,12.6500
2018/08/31,22.8100,11.7500,49.5900,34.6800,9.5200,37.6300,20.4000,12.6400
2018/09/03,21.8600,11.2900,48.9700,34.1400,9.3700,37.0800,20.0900,12.5000
2018/09/04,22.2400,11.4700,49.3800,34.4700,9.4600,37.4400,20.2800,12.5800
2018/09/05,22.0300,11.3700,49.3200,34.6200,9.5000,37.4200,20.2500,12.5700
2018/09/06,21.7800,11.2400,48.9200,34.3900,9.4400,37.2200,20.1300,12.5000
2018/09/07,20.8600,10.7900,48.2200,34.1300,9.3700,36.4800,19.7000,12.3800
2018/09/10,20.3100,10.5100,46.9700,33.0900,9.0800,35.2300,18.9900,12.1100
2018/09/11,20.4100,10.5700,46.6500,32.9400,9.0400,35.2500,19.0300,12.1600
2018/09/12,19.7300,10.2400,46.1700,32.4800,8.9100,34.5300,18.6300,12.0700
2018/09/13,19.7200,10.2300,46.0800,32.4400,8.9000,34.4700,18.6300,12.1000
2018/09/14,20.4100,10.5700,46.8100,33.0300,9.0700,35.3100,19.0900,12.2700
2018/09/17,20.4300,10.5800,46.6400,33.0700,9.0700,35.3300,19.1000,12.2600
2018/09/18,19.7000,10.2200,45.2900,32.2600,8.8500,34.6000,18.7100,12.1300
2018/09/19,19.5500,10.1500,45.5500,32.4400,8.9000,34.7500,18.8100,12.2200
2018/09/20,19.4000,10.0700,44.8900,31.8100,8.7300,34.2500,18.5300,12.1300
2018/09/21,19.9000,10.3200,45.9600,32.4200,8.9000,34.9100,18.9000,12.2600
2018/09/25,19.9500,10.3500,45.7500,32.3500,8.8800,35.1000,18.9800,12.2700
2018/09/26,19.7600,10.2500,44.9400,32.0200,8.7900,34.8700,18.8600,12.1900
2018/09/27,19.3500,10.0500,44.8700,32.0900,8.8100,34.6800,18.7700,12.2000
2018/09/28,19.3300,10.0400,44.6400,31.9200,8.7600,34.5900,18.7300,12.1700
2018/10/01,19.4900,10.1200,44.8800,32.0600,8.8000,34.9100,18.9200,12.1700
2018/10/02,19.2600,10.0100,44.3400,31.8500,8.7400,34.5700,18.7600,12.0600
2018/10/03,18.7800,9.7700,43.8300,31.4700,8.6400,33.9700,18.4400,11.9400
2018/10/04,18.5200,9.6400,43.1900,31.2900,8.5900,33.8700,18.3700,11.8600
2018/10/05,17.5200,9.1400,41.6400,30.3200,8.3200,32.6800,17.7100,11.5700
2018/10/08,17.1700,8.9600,41.1500,30.0500,8.2500,32.3300,17.5500,11.4700
2018/10/09,17.0500,8.9000,40.7300,29.9100,8.2100,32.1400,17.4200,11.4400
2018/10/11,16.1700,8.4500,38.5000,28.0700,7.7000,30.1800,16.2700,10.8100
2018/10/12,16.3400,8.5500,39.6000,28.7400,7.8900,30.6900,16.5300,11.0700
2018/10/15,16.2100,8.4900,39.6900,28.6000,7.8500,30.5700,16.4700,10.9800
2018/10/16,16.2600,8.5100,39.8200,28.6700,7.8700,30.8400,16.6300,11.0200
2018/10/17,16.3300,8.5500,40.0800,28.9100,7.9400,31.1100,16.7800,11.0600
2018/10/18,16.3000,8.5300,39.8700,28.7500,7.8900,31.1400,16.8100,11.0600
2018/10/19,16.1500,8.4500,39.8400,28.6700,7.8700,31.0700,16.7600,11.0200
2018/10/22,16.2800,8.5200,40.1500,28.9000,7.9300,31.1800,16.8300,11.0900
2018/10/23,16.0300,8.3900,39.5300,28.3800,7.7900,30.7300,16.5600,10.8800
2018/10/24,16.0300,8.3900,39.8200,28.5500,7.8400,30.9200,16.6600,10.9500
2018/10/25,15.7100,8.2200,39.1400,27.8500,7.6500,30.3000,16.2800,10.7000
2018/10/26,15.5500,8.1400,38.6300,27.5800,7.5700,29.9300,16.0500,10.6500
2018/10/29,15.6200,8.1700,38.7300,27.6700,7.6000,29.8700,16.0300,10.6800
2018/10/30,15.5900,8.1500,38.8700,27.6400,7.5900,29.7900,15.9800,10.6900
2018/10/31,15.8600,8.2900,40.1000,28.4300,7.8100,30.4800,16.3700,10.9500
2018/11/01,15.9500,8.3400,40.5800,28.7800,7.9000,30.8000,16.5500,11.0400
2018/11/02,16.0200,8.3800,40.9300,29.2500,8.0300,31.0900,16.7300,11.1400
2018/11/05,15.8900,8.3100,40.7700,29.0100,7.9700,30.9600,16.6600,11.0600
2018/11/06,15.5900,8.1500,40.1800,28.5900,7.8500,30.5100,16.4100,10.9300
2018/11/07,15.7100,8.2200,40.6300,29.0600,7.9800,30.9300,16.6500,11.0400
2018/11/08,15.7100,8.2200,40.7600,29.1300,8.0000,30.9500,16.6700,11.0500
2018/11/09,15.6600,8.1900,40.5500,28.9100,7.9400,30.8300,16.6000,10.9800
2018/11/12,15.6500,8.1800,40.4400,28.8600,7.9300,30.8300,16.6100,10.9800
2018/11/13,15.7300,8.2300,40.6600,29.0300,7.9700,30.9200,16.6600,11.0200
2018/11/14,15.7400,8.2300,40.6700,29.0900,7.9900,31.0300,16.7300,11.0400
2018/11/15,15.7200,8.2200,40.7800,29.1400,8.0000,31.0100,16.7200,11.0500
2018/11/16,15.7400,8.2300,40.6900,29.0600,7.9800,31.0300,16.7400,11.0500
2018/11/19,15.7900,8.2600,40.9000,29.2500,8.0300,31.2200,16.8400,11.0600
2018/11/20,15.7300,8.2300,40.3900,29.0600,7.9800,31.0600,16.7700,11.0200
2018/11/21,15.7900,8.2600,40.7500,29.2000,8.0200,31.1800,16.8400,11.0300
2018/11/22,15.7100,8.2200,40.3400,28.9500,7.9500,31.0300,16.7600,10.9600
2018/11/23,15.6500,8.1900,39.9900,28.7000,7.8800,30.8200,16.6300,10.8900
2018/11/26,15.7800,8.2600,40.5200,29.0300,7.9800,31.1900,16.8400,11.0200
2018/11/27,15.9100,8.3300,41.2100,29.2300,8.0300,31.4200,16.9500,11.0800
2018/11/28,16.0400,8.4000,41.8000,29.4800,8.1000,31.6100,17.1000,11.1700
2018/11/29,16.1500,8.4500,42.1300,29.7200,8.1600,31.8000,17.1900,11.2200
2018/11/30,16.1400,8.4500,42.2200,29.7200,8.1600,31.9600,17.2800,11.2600
2018/12/03,16.5700,8.6800,43.4900,30.6600,8.4200,32.9500,17.8000,11.5600
2018/12/04,16.4400,8.6000,42.9300,30.3500,8.3400,32.6800,17.6700,11.4500
2018/12/05,16.1100,8.4300,41.8500,29.7700,8.1800,32.0800,17.3600,11.2500
2018/12/06,15.6000,8.1500,40.7400,29.0700,7.9900,31.2400,16.9000,11.0100
2018/12/07,15.8400,8.2800,41.0700,29.3200,8.0600,31.6100,17.1100,11.1000
2018/12/10,15.7100,8.2100,40.4500,28.9400,7.9500,31.1000,16.8200,11.0000
2018/12/11,15.8600,8.2900,40.9900,29.4000,8.0800,31.4900,17.0600,11.0900
2018/12/12,16.1600,8.4500,41.4700,29.7700,8.1800,32.0200,17.3300,11.2200
2018/12/13,16.3100,8.5300,41.9600,30.0100,8.2500,32.2700,17.4700,11.2900
2018/12/14,16.3500,8.5500,41.8800,29.9200,8.2200,32.2700,17.4700,11.2500
2018/12/17,16.2000,8.4700,41.5100,29.6400,8.1500,31.9500,17.2900,11.2000
2018/12/18,15.9900,8.3600,41.0400,29.3700,8.0700,31.5400,17.0600,11.1300
2018/12/19,16.1200,8.4300,41.2100,29.3800,8.0700,31.5900,17.0700,11.2000
2018/12/20,16.0000,8.3700,40.8400,29.2800,8.0500,31.3500,16.9400,11.1500
2018/12/21,16.1300,8.4400,40.8200,29.2700,8.0400,31.4400,16.9800,11.1400
2018/12/22,16.0800,8.4100,40.6400,29.2100,8.0300,31.3500,16.9300,11.1100
2018/12/24,16.2200,8.4800,40.7100,29.2000,8.0200,31.3400,16.9300,11.1200
2018/12/25,15.8400,8.2800,40.0600,28.7400,7.9000,30.8100,16.6400,10.9400
2018/12/26,15.7700,8.2400,39.9500,28.7300,7.9000,30.8100,16.6300,10.9300
2018/12/27,16.0000,8.3700,40.8500,29.2800,8.0500,31.2600,16.8800,11.1000
2018/12/28,16.1700,8.4500,40.9500,29.3800,8.0800,31.4300,16.9600,11.1600
2019/01/02,15.9000,8.3200,40.5900,29.2200,8.0300,31.2100,16.8700,11.0700
2019/01/03,15.7300,8.2200,40.4200,29.3100,8.0600,31.2000,16.8800,11.0400
2019/01/04,15.5200,8.1200,40.2200,29.1500,8.0100,31.0100,16.8100,10.9400
2019/01/07,15.7500,8.2400,40.7100,29.6800,8.1600,31.5000,17.0700,11.1000
2019/01/08,15.9100,8.3200,40.6900,29.8000,8.1900,31.7600,17.2200,11.1200
2019/01/09,16.1000,8.4200,41.0200,30.2100,8.3100,32.2300,17.4700,11.2500
2019/01/10,16.0400,8.3900,40.8000,30.1700,8.2900,32.2800,17.5000,11.2400
2019/01/11,16.3200,8.5400,41.1200,30.1700,8.2900,32.2100,17.4600,11.2300
2019/01/14,16.3100,8.5300,40.8500,30.1500,8.2900,32.1600,17.4300,11.2200
2019/01/15,16.5300,8.6400,41.6700,30.6200,8.4200,32.5600,17.6300,11.3900
2019/01/16,16.4900,8.6300,41.6200,30.7400,8.4500,32.3700,17.5300,11.3800
2019/01/17,16.3500,8.5500,41.2800,30.5200,8.3900,32.3000,17.4900,11.3300
2019/01/18,16.5700,8.6700,41.5900,30.8900,8.4900,32.5000,17.6200,11.4000
2019/01/21,16.5800,8.6700,41.8400,31.0400,8.5300,32.7700,17.7600,11.4400
2019/01/22,16.5200,8.6400,41.8100,31.0500,8.5400,32.7500,17.7400,11.4400
2019/01/23,16.6500,8.7100,41.8400,30.9400,8.5100,32.7100,17.7200,11.4200
2019/01/24,16.7800,8.7700,41.9000,31.0600,8.5400,32.8500,17.8000,11.4800
2019/01/25,16.7600,8.7700,41.9800,31.1300,8.5600,32.8400,17.7900,11.5100
2019/01/28,16.7600,8.7700,41.9800,31.0900,8.5500,32.8500,17.7900,11.5100
2019/01/29,16.6200,8.6900,41.7400,31.0500,8.5400,32.7600,17.7600,11.5100
2019/01/30,16.7600,8.7700,42.1900,31.3200,8.6100,32.9900,17.9000,11.5600
2019/02/11,17.2300,9.0100,43.1600,31.8900,8.7700,33.5300,18.2000,11.7400
2019/02/12,17.4200,9.1100,43.5200,32.1700,8.8500,33.7900,18.3300,11.7900
2019/02/13,17.5200,9.1700,43.4900,32.1000,8.8300,33.8100,18.3500,11.7600
2019/02/14,17.4800,9.1500,43.3900,32.2400,8.8700,33.8000,18.3500,11.7800
2019/02/15,17.3600,9.0800,43.1700,32.1400,8.8400,33.7100,18.3000,11.7700
2019/02/18,17.5600,9.1900,43.5500,32.3700,8.9000,33.9900,18.4500,11.8100
2019/02/19,17.7400,9.2800,43.6300,32.5900,8.9600,34.0400,18.4900,11.8700
2019/02/20,17.8500,9.3300,44.1300,32.9500,9.0600,34.3700,18.6600,11.9700
2019/02/21,17.9000,9.3600,44.1700,33.0600,9.0900,34.5700,18.7900,11.9800
2019/02/22,17.8400,9.3300,43.9700,33.0200,9.0800,34.6100,18.8100,11.9700
2019/02/25,17.9500,9.3900,44.1600,33.2700,9.1500,34.7000,18.8500,12.0300
2019/02/26,17.7400,9.2800,44.0300,33.1300,9.1100,34.5100,18.7300,11.9600
2019/02/27,17.7700,9.2900,44.1600,33.1300,9.1100,34.5600,18.7600,12.0000
2019/03/04,17.8000,9.3100,44.1700,33.2300,9.1400,34.6300,18.8000,11.9800
2019/03/05,17.7200,9.2700,43.9600,32.9900,9.0700,34.4300,18.6900,11.9300
2019/03/06,17.8800,9.3600,44.0500,33.1300,9.1100,34.5700,18.7700,11.9900
2019/03/07,17.6500,9.2300,43.5400,32.8900,9.0500,34.2900,18.6000,11.8800
2019/03/08,17.7100,9.2700,43.3600,32.6600,8.9800,34.0300,18.4700,11.8400
2019/03/11,17.7400,9.2900,43.4300,32.7600,9.0100,33.9700,18.4400,11.8900
2019/03/12,17.9200,9.3800,43.6400,33.0600,9.1000,34.2300,18.5800,12.0100
2019/03/13,17.9600,9.4000,43.8800,33.3200,9.1700,34.4300,18.6900,12.0800
2019/03/14,18.0800,9.4700,43.9600,33.4900,9.2100,34.5000,18.7200,12.1300
2019/03/15,18.3000,9.5800,44.2900,33.8200,9.3000,34.8800,18.9300,12.2300
2019/03/18,18.4700,9.6700,44.7700,34.3000,9.4400,35.2300,19.1200,12.3300
2019/03/19,18.5500,9.7100,44.8400,34.4300,9.4700,35.3100,19.1700,12.3800
2019/03/20,18.6600,9.7700,45.0000,34.7300,9.5500,35.5200,19.2800,12.4300
2019/03/21,18.9100,9.9000,45.3300,34.9500,9.6200,35.6500,19.3500,12.5200
2019/03/22,18.7600,9.8200,45.2900,35.1500,9.6700,35.8800,19.4900,12.5300
2019/03/25,18.5900,9.7300,44.7900,34.6500,9.5400,35.3800,19.2200,12.3600
2019/03/26,18.7100,9.7900,45.1300,34.8000,9.5800,35.6400,19.3600,12.4300
2019/03/27,18.7900,9.8400,45.1500,34.9500,9.6200,35.6200,19.3600,12.4500
2019/03/28,18.7200,9.8000,45.1800,35.0800,9.6500,35.6900,19.3800,12.4800
2019/03/29,19.0300,9.9600,45.5800,35.4300,9.7500,35.9500,19.5200,12.5700
2019/04/01,19.0100,9.9500,45.6200,35.3100,9.7200,35.8200,19.4400,12.5000
2019/04/02,19.3000,10.1000,46.0300,35.7600,9.8400,36.2500,19.6700,12.6100
2019/04/03,19.3100,10.1100,46.0500,35.9200,9.8800,36.2600,19.6700,12.6100
2019/04/08,19.4400,10.1800,46.4600,36.3300,10.0000,36.5800,19.8400,12.7100
2019/04/09,19.4900,10.2100,46.5900,36.1800,9.9600,36.5500,19.8200,12.7200
2019/04/10,19.5200,10.2200,46.5800,36.1900,9.9600,36.5800,19.8400,12.7800
2019/04/11,19.3900,10.1500,46.4300,36.0600,9.9200,36.4100,19.7400,12.7600
2019/04/12,19.2900,10.0900,46.4700,35.8600,9.8700,36.1800,19.6100,12.7400
2019/04/15,19.5500,10.2300,46.8900,36.2300,9.9700,36.5700,19.8100,12.8600
2019/04/16,19.9200,10.4300,47.3100,36.6200,10.0800,36.9200,20.0100,12.9900
2019/04/17,20.0700,10.5100,47.6700,36.8700,10.1500,37.1600,20.1400,13.0500
2019/04/18,20.0100,10.4700,47.4700,36.8700,10.1500,37.2700,20.1800,13.0600
2019/04/19,20.0300,10.4900,47.5100,37.1300,10.2200,37.5000,20.3000,13.0900
2019/04/22,20.0400,10.4900,47.4800,37.2800,10.2600,37.5800,20.3400,13.1500
2019/04/23,19.8700,10.4100,47.2800,36.8500,10.1400,37.4400,20.2700,13.0600
2019/04/24,20.0000,10.4700,47.7400,37.0400,10.2000,37.4900,20.2800,13.1800
2019/04/25,19.9800,10.4600,47.7900,37.1600,10.2300,37.5000,20.2900,13.2100
2019/04/26,19.5000,10.2100,46.8300,36.4100,10.0200,36.8700,19.9600,12.9500
2019/04/29,19.1700,10.0400,46.1400,35.7000,9.8300,36.3300,19.6700,12.7800
2019/04/30,19.4300,10.1700,46.6000,36.1800,9.9600,36.6200,19.7900,12.9400
2019/05/02,19.5200,10.2200,46.7700,36.3400,10.0000,36.7900,19.8800,12.9800
2019/05/03,19.9600,10.4500,47.4100,36.7800,10.1300,37.1300,20.0500,13.1100
2019/05/06,19.2900,10.1100,46.2500,35.8100,9.8600,36.1200,19.5200,12.7900
2019/05/07,19.7100,10.3200,47.3100,36.8600,10.1500,36.8800,19.9200,13.0600
2019/05/08,19.7000,10.3200,47.1700,36.7700,10.1200,36.8100,19.8800,13.0500
2019/05/09,19.1900,10.0500,45.9900,35.7700,9.8500,35.7300,19.3100,12.7300
2019/05/10,19.0900,10.0000,45.7400,35.6100,9.8000,35.5600,19.2100,12.6800
2019/05/13,18.5200,9.7100,44.8500,35.0700,9.6500,35.0400,18.9300,12.4700
2019/05/14,18.6000,9.7500,44.6400,34.8100,9.5900,35.1000,18.9700,12.4400
2019/05/15,18.8900,9.9000,45.2100,35.5700,9.7900,35.3500,19.1000,12.6300
2019/05/16,18.3600,9.6200,44.1600,34.8400,9.5900,34.6600,18.7200,12.4300
2019/05/17,17.5900,9.2300,42.7100,33.6500,9.2600,33.6300,18.1600,12.1100
2019/05/20,17.3800,9.1200,42.3200,33.2200,9.1500,33.4300,18.0600,12.0300
2019/05/21,17.6100,9.2400,42.7900,33.5000,9.2200,33.7000,18.2200,12.1200
2019/05/22,17.5600,9.2200,42.7600,33.5000,9.2200,33.7900,18.2600,12.1100
2019/05/23,17.1200,8.9900,41.6900,32.6800,9.0000,33.1900,17.9500,11.8700
2019/05/24,16.9300,8.9000,41.3500,32.4600,8.9400,33.0200,17.8700,11.8000
2019/05/27,16.6700,8.7600,40.9400,32.0800,8.8400,32.5300,17.6000,11.6700
2019/05/28,16.7800,8.8200,41.0800,32.2600,8.8800,32.7700,17.7300,11.7500
2019/05/29,16.6800,8.7600,40.8800,32.1200,8.8500,32.7500,17.7300,11.6900
2019/05/30,16.9100,8.8900,41.2000,32.2700,8.8900,32.9700,17.8400,11.7800
2019/05/31,17.2400,9.0600,42.0100,32.7200,9.0100,33.5300,18.1400,11.9500
2019/06/03,17.1400,9.0100,41.7800,32.5500,8.9700,33.4300,18.0700,11.9100
2019/06/04,16.9800,8.9200,41.3100,32.2900,8.8900,33.1900,17.9500,11.8000
2019/06/05,17.0100,8.9300,41.5900,32.4100,8.9300,33.2100,17.9600,11.8500
2019/06/06,16.7300,8.7900,41.1900,32.0400,8.8300,32.8700,17.7800,11.7200
2019/06/10,17.4200,9.1500,42.5300,32.9500,9.0800,33.6900,18.2100,12.0000
2019/06/11,17.7000,9.3000,42.9100,33.4600,9.2200,34.0700,18.4100,12.0900
