,日期,當日沖銷交易總成交股數,當日沖銷交易總成交股數占市場比重%,當日沖銷交易總買進成交金額,當日沖銷交易總買進成交金額占市場比重%,當日沖銷交易總賣出成交金額,當日沖銷交易總賣出成交金額占市場比重%
0,103/02/05,40006000,0.82,2294553020,1.68,2303189660,1.69
1,103/02/06,37761000,0.86,2209373810,2.11,2213710870,2.12
2,103/02/07,47544000,1.09,2433631080,2.49,2446908680,2.5
3,103/02/10,36035000,0.9,1813166170,2.26,1805212770,2.25
4,103/02/11,26381000,0.67,1749050780,2.17,1756389040,2.17
5,103/02/12,39815000,0.85,2358704450,2.41,2367149210,2.42
6,103/02/13,40499000,0.99,1799946080,2.34,1794028370,2.33
7,103/02/14,32123000,0.74,1780402980,1.95,1757779560,1.93
8,103/02/17,25444000,0.69,1405019730,1.91,1404998690,1.91
9,103/02/18,18595000,0.49,1325532130,1.8,1329179030,1.8
10,103/02/19,18264000,0.43,1217467160,1.4,1214673740,1.4
11,103/02/20,25338000,0.55,1686976660,1.75,1692954340,1.76
12,103/02/21,52148000,1.1,1903580040,2.0,1899925410,2.0
13,103/02/24,45184000,1.0,1429925380,1.65,1426530050,1.65
14,103/02/25,35257000,0.79,1730656030,1.87,1731176700,1.88
15,103/02/26,43552000,0.87,2239647940,2.13,2255122780,2.15
16,103/02/27,40572000,0.89,2238376120,2.16,2238182990,2.15
0,103/03/03,38425000,0.87,1900058190,1.87,1911898040,1.88
1,103/03/04,33082000,0.78,1725428210,1.87,1722922430,1.86
2,103/03/05,29537000,0.65,1960070550,1.87,1955229450,1.87
3,103/03/06,28225000,0.54,2088253430,1.74,2094224870,1.75
4,103/03/07,43571000,0.77,2405097890,1.83,2388743600,1.82
5,103/03/10,21207000,0.53,1389276420,1.58,1388258570,1.58
6,103/03/11,25134000,0.59,1631841190,1.84,1633325020,1.85
7,103/03/12,23970000,0.55,1631351720,1.92,1632387300,1.92
8,103/03/13,44375000,0.89,2268138820,1.98,2269288890,1.98
9,103/03/14,27285000,0.65,1404770650,1.52,1407193800,1.53
10,103/03/17,38194000,0.92,1543353980,1.78,1551377330,1.79
11,103/03/18,33094000,0.71,1757028150,1.76,1740895370,1.74
12,103/03/19,25114000,0.53,1843217790,1.82,1839424810,1.82
13,103/03/20,23650000,0.52,1474441890,1.56,1475465760,1.56
14,103/03/21,34874000,0.79,1769134690,1.85,1757781400,1.83
15,103/03/24,31630000,0.8,1689334540,2.11,1699366170,2.12
16,103/03/25,31197000,0.76,1820059140,2.17,1825119190,2.17
17,103/03/26,37969000,0.81,1982143050,2.11,1991197310,2.12
18,103/03/27,38013000,0.8,1980202640,1.98,1980459860,1.98
19,103/03/28,34445000,0.75,1968853420,1.95,1957445470,1.94
20,103/03/31,28376000,0.69,1450784710,1.64,1455356940,1.65
0,103/04/01,40609000,0.88,2011430310,2.2,2019183450,2.21
1,103/04/02,45420000,0.88,2819326630,2.63,2828267460,2.64
2,103/04/03,59533000,1.23,2140426820,2.16,2137344130,2.16
3,103/04/07,61355000,1.35,2308701500,2.41,2318221420,2.42
4,103/04/08,39569000,0.87,2303763560,2.41,2300905000,2.41
5,103/04/09,43545000,0.93,2135772650,2.3,2143141190,2.3
6,103/04/10,50448000,0.94,2620540830,2.41,2603090150,2.39
7,103/04/11,30371000,0.65,2110239100,2.17,2123271210,2.18
8,103/04/14,28139000,0.73,1990937880,2.52,1990640860,2.52
9,103/04/15,37400000,0.84,2959636270,3.27,2983592790,3.29
10,103/04/16,43837000,0.94,3138690560,3.3,3146139430,3.31
11,103/04/17,66966000,1.36,3195779460,3.33,3205199960,3.34
12,103/04/18,56731000,1.4,2487237530,3.5,2475603850,3.48
13,103/04/21,50204000,1.29,1908675760,2.84,1916862900,2.85
14,103/04/22,70022000,1.46,3213055250,3.64,3224605650,3.65
15,103/04/23,59383000,1.09,3288178530,3.11,3285925650,3.1
16,103/04/24,78529000,1.58,3258791190,3.38,3242354250,3.37
17,103/04/25,73398000,1.15,3574175580,2.64,3539050860,2.62
18,103/04/28,71240000,1.45,3502168810,3.55,3544903440,3.6
19,103/04/29,70482000,1.49,4026837730,4.32,4038493530,4.33
20,103/04/30,77396000,1.55,3761092480,3.39,3722683560,3.36
0,103/05/02,77530000,1.74,3456147710,3.5,3471519990,3.52
1,103/05/05,62725000,1.34,3484821530,3.7,3504264680,3.72
2,103/05/06,91461000,1.75,4526332210,4.46,4554922020,4.49
3,103/05/07,105038000,2.09,3871915930,3.85,3878835030,3.85
4,103/05/08,89900000,1.78,3924069790,3.87,3928937870,3.88
5,103/05/09,95294000,1.97,3774005150,3.97,3749929140,3.95
6,103/05/12,50936000,1.17,2410511830,2.83,2400620530,2.82
7,103/05/13,55709000,1.22,2925694670,3.28,2897219170,3.25
8,103/05/14,46491000,1.03,2474266050,2.83,2486331980,2.84
9,103/05/15,48467000,1.22,2290792210,3.16,2295466670,3.16
10,103/05/16,39655000,0.99,2441259370,3.17,2450309570,3.18
11,103/05/19,39446000,0.97,2042357940,2.72,2045232280,2.72
12,103/05/20,39669000,0.96,4108138890,5.16,4087724210,5.14
13,103/05/21,41431000,1.09,1997056140,2.91,1995031020,2.9
14,103/05/22,50909000,1.12,2470133690,2.82,2485030960,2.84
15,103/05/23,56195000,1.16,3269378410,3.35,3286802480,3.37
16,103/05/26,55813000,1.21,2398241920,2.74,2401448000,2.75
17,103/05/27,64616000,1.45,2439360720,2.92,2431282650,2.91
18,103/05/28,59667000,1.14,2796091690,2.71,2804056980,2.72
19,103/05/29,58637000,1.14,3255158920,3.13,3255326260,3.13
20,103/05/30,115132000,1.96,3970542730,2.9,3983819190,2.91
0,103/06/03,57903000,1.21,3083069880,2.99,3084821170,2.99
1,103/06/04,94716000,1.79,3702354290,3.71,3742948020,3.75
2,103/06/05,83357000,1.48,3789006760,3.36,3823322680,3.39
3,103/06/06,116935000,2.08,5251044470,4.63,5160367870,4.55
4,103/06/09,77525000,1.5,3683289320,3.61,3706927070,3.63
5,103/06/10,47949000,0.92,3053955340,2.93,3060523380,2.93
6,103/06/11,48888000,0.95,3050541920,2.99,3059769450,3.0
7,103/06/12,79413000,1.49,3254383940,3.22,3242419820,3.21
8,103/06/13,51056000,1.09,2924753280,3.17,2932339150,3.18
9,103/06/16,77497000,1.61,3984823370,4.08,4021600170,4.12
10,103/06/17,74019000,1.46,3941342450,3.85,3953571080,3.87
11,103/06/18,81077000,1.34,4329747620,3.31,4295506090,3.28
12,103/06/19,53988000,1.11,3078390130,3.14,3080459080,3.14
13,103/06/20,37151000,0.8,2704275770,2.76,2690339930,2.75
14,103/06/23,61131000,1.14,3474624890,3.07,3455245610,3.05
15,103/06/24,44678000,1.0,3364185880,3.69,3355350750,3.68
16,103/06/25,37523000,0.82,2696462240,3.08,2696126510,3.08
17,103/06/26,93114000,1.7,2993102070,3.03,3005523840,3.05
18,103/06/27,61625000,1.3,3152588800,3.31,3147551570,3.3
19,103/06/30,82255000,1.6,4096943020,3.97,4133506250,4.01
0,103/07/01,118251000,1.95,4654236360,4.03,4652824370,4.02
1,103/07/02,190688000,2.44,7321458310,4.76,7318189120,4.75
2,103/07/03,147793000,2.33,5991863820,4.91,6043601440,4.95
3,103/07/04,123664000,2.02,5280589520,4.46,5262653220,4.45
4,103/07/07,132665000,2.19,5183894530,4.65,5206116390,4.67
5,103/07/08,110307000,1.87,4169873330,4.06,4164584680,4.06
6,103/07/09,86390000,1.54,3702496140,3.61,3685452320,3.59
7,103/07/10,107082000,1.57,4651498020,3.29,4669139650,3.3
8,103/07/11,104173000,1.54,5424415900,4.02,5403504470,4.01
9,103/07/14,115144000,1.97,4231577550,3.77,4244661690,3.78
10,103/07/15,105169000,1.73,4299885410,3.73,4293788550,3.72
11,103/07/16,80292000,1.27,3946187030,3.36,3938469460,3.36
12,103/07/17,93997000,1.43,5028258060,3.92,4996643630,3.9
13,103/07/18,69936000,1.28,4419329700,4.3,4425789480,4.3
14,103/07/21,53740000,1.08,3339478230,3.62,3332338820,3.61
15,103/07/22,80130000,1.52,4017706530,4.08,4038159640,4.1
16,103/07/24,92923000,1.52,5010585300,4.14,4987006330,4.12
17,103/07/25,64213000,1.09,3436364530,3.17,3419613830,3.16
18,103/07/28,83566000,1.41,4983404830,4.52,4990484840,4.52
19,103/07/29,150838000,2.01,6355192490,4.72,6319195560,4.69
20,103/07/30,124628000,2.01,6360603840,5.96,6371120110,5.97
21,103/07/31,91703000,1.51,4799701360,4.5,4789150550,4.49
0,103/08/01,104049000,1.74,4791396400,4.61,4827761190,4.64
1,103/08/04,79348000,1.49,3580831280,3.94,3592266910,3.96
2,103/08/05,95070000,1.54,5052870370,4.62,5015125270,4.58
3,103/08/06,108740000,1.66,5907249680,5.41,5914546040,5.42
4,103/08/07,78629000,1.48,4148556670,4.91,4121406480,4.87
5,103/08/08,74770000,1.41,4143449050,4.66,4149124000,4.66
6,103/08/11,83470000,1.61,3959089090,4.66,3989403030,4.69
7,103/08/12,72777000,1.36,4489265990,5.04,4494425740,5.05
8,103/08/13,61786000,1.16,3431794360,3.96,3443423020,3.98
9,103/08/14,63343000,1.15,3576169510,3.91,3561853740,3.89
10,103/08/15,57223000,1.2,3116968800,4.15,3118401250,4.15
11,103/08/18,49519000,1.05,2635062680,3.55,2636416670,3.55
12,103/08/19,69132000,1.25,4326088940,4.8,4352696640,4.83
13,103/08/20,64100000,1.2,3854191030,4.24,3848024200,4.23
14,103/08/21,65341000,1.28,3688264810,4.45,3693583810,4.46
15,103/08/22,84089000,1.48,4305981040,4.11,4330290500,4.14
16,103/08/25,57400000,1.17,2811594330,3.6,2822912220,3.61
17,103/08/26,55143000,1.03,3782841330,4.02,3789729910,4.03
18,103/08/27,130580000,2.02,4777825870,4.08,4797757850,4.1
19,103/08/28,116773000,1.82,4112106940,4.02,4116828970,4.02
20,103/08/29,85219000,1.63,3701399980,4.1,3704954400,4.1
0,103/09/01,59833000,1.15,3150509570,3.55,3150410090,3.55
1,103/09/02,55952000,1.01,2973969480,3.32,2960341050,3.3
2,103/09/03,80111000,1.5,4403346170,4.93,4396793940,4.92
3,103/09/04,61552000,1.32,2935065980,3.91,2936046760,3.92
4,103/09/05,43731000,1.02,2962887530,4.02,2960906950,4.02
5,103/09/09,49616000,1.11,3128828280,3.92,3122997390,3.91
6,103/09/10,55822000,1.16,3331864000,4.23,3343696340,4.24
7,103/09/11,54884000,1.2,2962744110,4.07,2955514880,4.06
8,103/09/12,56817000,1.11,3994743400,4.91,3976429870,4.88
9,103/09/15,54423000,1.29,3373727710,5.03,3371076340,5.03
10,103/09/16,77223000,1.64,3444690740,4.96,3439104560,4.95
11,103/09/17,66675000,1.3,3604679450,4.38,3611224070,4.39
12,103/09/18,47329000,1.08,3082607230,4.4,3087356650,4.41
13,103/09/19,55834000,1.23,2996191600,3.71,2994654320,3.71
14,103/09/22,65239000,1.4,3239690970,4.09,3240128030,4.09
15,103/09/23,54819000,1.11,3321226170,3.97,3319341190,3.97
16,103/09/24,46168000,0.92,3568967470,4.45,3559091740,4.44
17,103/09/25,73410000,1.29,4555963570,4.91,4531119020,4.88
18,103/09/26,64317000,1.27,4587533320,5.36,4606050860,5.38
19,103/09/29,49386000,1.11,3693685120,4.4,3698201160,4.41
20,103/09/30,100912000,1.62,5925116400,5.75,5952877020,5.77
0,103/10/01,72913000,1.42,4639931690,5.86,4657737300,5.88
1,103/10/02,94211000,1.92,4661588660,6.11,4687189110,6.14
2,103/10/03,71433000,1.38,4248268970,5.12,4266207650,5.14
3,103/10/06,68021000,1.46,4226205180,5.26,4214531580,5.24
4,103/10/07,59338000,1.3,3802646330,5.01,3808202890,5.02
5,103/10/08,58191000,1.27,3492561280,4.69,3487366550,4.68
6,103/10/09,69136000,1.42,4804718170,5.62,4781224650,5.6
7,103/10/13,75242000,1.31,4967803030,4.83,4994615000,4.86
8,103/10/14,78293000,1.68,4138288560,5.56,4149099020,5.57
9,103/10/15,80890000,1.34,5694166790,5.34,5689640570,5.34
10,103/10/16,128587000,1.91,7016944420,6.48,7075644730,6.53
11,103/10/17,91403000,1.37,5734425790,4.63,5706120450,4.61
12,103/10/20,67916000,1.35,5299835810,6.73,5307129340,6.74
13,103/10/21,57309000,1.31,4135975650,6.42,4147991530,6.44
14,103/10/22,99177000,1.82,5171439860,6.24,5144396130,6.21
15,103/10/23,73979000,1.59,4334381790,6.93,4334601650,6.93
16,103/10/24,74864000,1.71,4319301760,6.37,4313113640,6.36
17,103/10/27,56717000,1.31,4141924240,6.16,4140177460,6.16
18,103/10/28,73648000,1.37,5015379620,5.83,5049937350,5.87
19,103/10/29,104816000,1.71,5391344990,5.62,5421530040,5.65
20,103/10/30,121783000,2.23,4943981720,6.05,4950383970,6.06
21,103/10/31,104032000,1.86,5319138200,6.12,5336867780,6.14
0,103/11/03,92607000,1.6,5086306060,5.61,5091888900,5.62
1,103/11/04,89265000,1.71,4935683200,6.51,4935675320,6.51
2,103/11/05,83955000,1.69,4494498230,6.33,4484049450,6.32
3,103/11/06,84806000,1.62,4380423530,5.98,4357991020,5.95
4,103/11/07,89078000,1.79,4695168410,6.82,4711429780,6.84
5,103/11/10,86176000,1.52,4765646440,5.54,4768656140,5.54
6,103/11/11,90165000,1.63,4449246170,5.74,4446995640,5.74
7,103/11/12,84036000,1.54,4842344180,6.14,4833912930,6.13
8,103/11/13,61837000,1.24,4649375460,6.62,4656013230,6.63
9,103/11/14,88816000,1.83,4811035330,6.41,4821186260,6.43
10,103/11/17,71580000,1.47,4131814420,5.58,4118393360,5.56
11,103/11/18,87693000,1.64,4180850990,5.25,4172172660,5.24
12,103/11/19,89155000,1.61,4811172050,5.14,4822406530,5.15
13,103/11/20,99854000,1.7,5180730070,5.6,5197305660,5.62
14,103/11/21,71372000,1.46,4189763590,5.25,4191921190,5.26
15,103/11/24,77228000,1.65,3805557080,4.96,3793541400,4.95
16,103/11/25,67747000,1.36,4143080620,4.65,4151725030,4.66
17,103/11/26,69911000,1.4,4400170110,5.82,4403568390,5.83
18,103/11/27,64235000,1.18,4636453590,5.53,4637683290,5.53
19,103/11/28,60073000,1.35,3081756020,4.31,3082683550,4.31
0,103/12/01,93248000,1.75,5009960080,5.55,5040675600,5.59
1,103/12/02,67116000,1.17,4027702780,4.1,4030258580,4.11
2,103/12/03,126029000,1.83,5867896510,5.06,5900869240,5.09
3,103/12/04,111966000,1.67,5273603740,5.04,5286548670,5.05
4,103/12/05,67303000,1.12,4535433420,4.54,4543119380,4.55
5,103/12/08,73893000,1.34,4224897010,4.56,4207684280,4.54
6,103/12/09,73903000,1.37,3718367800,4.22,3717609450,4.22
7,103/12/10,81724000,1.38,4007090340,4.32,3999993490,4.31
8,103/12/11,78763000,1.48,4488218070,5.52,4500617270,5.53
9,103/12/12,54025000,1.14,3671193290,4.73,3670826920,4.73
10,103/12/15,50105000,1.13,3151235390,4.08,3161495370,4.09
11,103/12/16,56528000,1.11,3889831450,4.44,3878278120,4.42
12,103/12/17,79363000,1.32,4660208740,4.24,4656160790,4.24
13,103/12/18,74977000,1.37,4193252650,4.66,4184717270,4.65
14,103/12/19,102015000,1.56,5652562220,5.12,5648107450,5.12
15,103/12/22,91157000,1.62,3830328760,4.72,3840094720,4.73
16,103/12/23,76104000,1.51,3209986890,4.55,3209046420,4.55
17,103/12/24,125009000,2.1,3922315730,4.64,3931366810,4.65
18,103/12/25,100240000,2.29,2732225630,4.89,2732131710,4.89
19,103/12/26,70213000,1.76,2364623690,4.14,2367195120,4.14
20,103/12/27,42412000,1.35,1192010930,3.03,1192443780,3.03
21,103/12/29,81972000,1.68,3293512790,3.97,3300066430,3.98
22,103/12/30,90982000,2.1,3436092380,4.76,3436444000,4.76
23,103/12/31,66809000,1.92,2787216470,4.6,2789293050,4.6
0,104/01/05,120887000,2.49,3904005130,4.79,3927619400,4.82
1,104/01/06,120922000,1.94,4464411040,4.01,4449774390,4.0
2,104/01/07,143972000,2.62,5402469220,5.57,5430604870,5.6
3,104/01/08,133446000,2.09,5008050470,4.61,5028078190,4.63
4,104/01/09,112825000,2.07,4564530180,4.61,4552573620,4.6
5,104/01/12,103527000,2.07,3576069910,4.24,3577452860,4.24
6,104/01/13,93517000,1.73,3777407130,4.07,3784043750,4.08
7,104/01/14,90335000,1.67,3897931380,4.17,3902382560,4.17
8,104/01/15,101543000,1.88,4023790190,4.49,4018824810,4.48
9,104/01/16,112282000,1.86,5380173710,4.64,5366366650,4.63
10,104/01/19,81070000,1.56,3628182910,4.05,3625333350,4.04
11,104/01/20,93615000,1.76,4969443160,5.71,4997127150,5.74
12,104/01/21,91927000,1.62,4376035780,4.36,4376905770,4.36
13,104/01/22,111996000,1.93,4519166900,4.56,4530124050,4.57
14,104/01/23,82630000,1.32,5157248250,4.3,5155875660,4.3
15,104/01/26,74860000,1.52,4011708000,4.42,4017526370,4.42
16,104/01/27,72009000,1.44,3654015680,4.0,3654610190,4.0
17,104/01/28,82523000,1.75,4011507560,4.81,4023211450,4.82
18,104/01/29,82219000,1.68,3926255100,4.7,3929609000,4.7
19,104/01/30,86268000,1.84,3822269340,4.37,3814087770,4.36
0,104/02/02,70121000,1.67,3383023540,4.63,3390392200,4.64
1,104/02/03,73357000,1.61,3914934520,5.02,3924612000,5.04
2,104/02/04,80883000,1.53,3785915230,3.85,3786522510,3.85
3,104/02/05,48911000,1.13,2837436480,3.81,2841840170,3.81
4,104/02/06,46851000,1.19,3125987770,4.28,3121088980,4.28
5,104/02/09,41424000,1.16,2613670240,3.93,2616811510,3.94
6,104/02/10,51252000,1.3,2993106370,3.93,2994720240,3.93
7,104/02/11,75031000,1.66,5750039460,5.9,5785284050,5.93
8,104/02/12,66725000,1.82,3680663000,4.78,3690038580,4.79
9,104/02/13,47496000,1.39,3018209860,3.89,3018731830,3.89
10,104/02/24,57189000,1.37,3249562290,2.83,3259483630,2.83
11,104/02/25,69101000,1.45,3239187040,3.33,3245516870,3.33
12,104/02/26,64495000,1.45,3245413790,3.29,3254639540,3.3
0,104/03/02,70420000,1.57,3090635030,3.32,3091391520,3.33
1,104/03/03,57136000,1.28,3193838360,3.71,3198697580,3.71
2,104/03/04,54580000,1.2,2708061260,3.18,2710803230,3.18
3,104/03/05,61813000,1.33,3187415350,3.7,3192616060,3.71
4,104/03/06,57109000,1.19,3672354910,3.83,3686296720,3.84
5,104/03/09,42399000,0.96,2575388580,2.96,2579463420,2.97
6,104/03/10,58077000,1.22,3513441430,3.77,3512144970,3.77
7,104/03/11,74211000,1.47,4049833970,4.17,4055848760,4.17
8,104/03/12,100122000,1.78,3812594130,3.92,3830502630,3.94
9,104/03/13,53744000,1.12,2844058100,3.21,2840656620,3.21
10,104/03/16,49802000,1.16,2363335380,2.81,2361151280,2.81
11,104/03/17,59757000,1.17,3469390670,3.53,3467044590,3.52
12,104/03/18,61312000,1.1,3676186280,3.41,3692284450,3.43
13,104/03/19,66370000,1.05,4086969570,3.45,4100041270,3.46
14,104/03/20,61550000,1.06,4191111700,3.42,4203491520,3.43
15,104/03/23,69030000,1.22,3788855920,3.61,3794825170,3.61
16,104/03/24,60217000,1.09,3165726210,3.24,3166726250,3.24
17,104/03/25,50811000,0.97,2931884010,3.02,2921049190,3.01
18,104/03/26,58143000,1.07,3438966470,2.86,3448023260,2.86
19,104/03/27,60953000,1.17,3900462470,3.4,3884067830,3.39
20,104/03/30,48707000,1.02,3604314120,3.89,3604299380,3.89
21,104/03/31,68382000,1.22,4543833590,4.24,4545160960,4.24
0,104/04/01,56202000,1.17,3625521720,4.15,3634399410,4.16
1,104/04/02,63722000,1.43,4515963850,4.77,4520550490,4.78
2,104/04/07,59796000,1.33,3283298240,3.52,3296090900,3.54
3,104/04/08,65765000,1.32,3469714160,3.67,3461441680,3.66
4,104/04/09,69044000,1.25,3792795870,3.76,3785715690,3.75
5,104/04/10,60908000,1.24,3329581400,3.59,3330382610,3.59
6,104/04/13,56585000,1.2,2923589480,3.36,2932396510,3.37
7,104/04/14,76722000,1.42,3391100970,3.57,3398615180,3.58
8,104/04/15,72094000,1.24,3899139260,3.4,3894182660,3.4
9,104/04/16,64556000,1.18,3413025550,3.26,3418418900,3.26
10,104/04/17,46724000,0.9,2686572580,2.71,2683786200,2.7
11,104/04/20,63845000,1.29,4171391320,4.56,4187993830,4.57
12,104/04/21,81841000,1.58,4339205700,4.59,4333448080,4.58
13,104/04/22,74542000,1.29,4591644250,4.38,4612818490,4.4
14,104/04/23,159549000,2.02,6632386950,4.58,6668378460,4.61
15,104/04/24,152064000,1.92,6926500240,4.1,6937333970,4.11
16,104/04/27,134686000,1.93,5141323140,3.89,5158630150,3.9
17,104/04/28,115605000,1.79,4918989210,4.16,4920040110,4.16
18,104/04/29,101176000,1.61,4422494580,3.84,4415700900,3.83
19,104/04/30,88424000,1.66,4737140700,4.17,4749107990,4.18
0,104/05/04,77295000,1.44,3956027460,3.99,3967012080,4.0
1,104/05/05,71071000,1.36,3877343130,4.21,3877299740,4.21
2,104/05/06,105068000,1.82,4663830270,4.77,4688170400,4.79
3,104/05/07,99810000,1.69,3842392220,4.02,3846390950,4.03
4,104/05/08,68937000,1.4,3560604600,4.2,3554528540,4.19
5,104/05/11,79762000,1.4,3905255970,4.05,3899740490,4.05
6,104/05/12,80115000,1.53,3930508650,4.4,3945398860,4.42
7,104/05/13,88190000,1.57,4549864810,4.71,4569021400,4.73
8,104/05/14,79640000,1.39,4137388220,4.17,4130590240,4.17
9,104/05/15,74675000,1.52,4132550440,4.9,4126985230,4.89
10,104/05/18,76378000,1.47,3786468480,4.05,3792397960,4.05
11,104/05/19,98197000,1.49,4449944970,4.1,4467091650,4.11
12,104/05/20,84302000,1.4,3635537110,3.67,3641332590,3.68
13,104/05/21,85882000,1.56,3886527410,4.01,3893421350,4.02
14,104/05/22,112541000,1.97,4950730470,4.96,4963590490,4.97
15,104/05/25,61443000,1.29,3329044490,4.32,3336160860,4.33
16,104/05/26,75939000,1.5,3474228190,4.35,3478808200,4.35
17,104/05/27,111072000,1.86,4486957920,4.39,4501331000,4.4
18,104/05/28,87755000,1.38,4624936350,4.0,4623104840,4.0
19,104/05/29,74666000,1.14,4086567250,2.84,4098167970,2.85
0,104/06/01,124575000,2.43,5751991705,6.22,5773950300,6.25
1,104/06/02,110954100,2.01,5714645130,5.69,5719992335,5.7
2,104/06/03,137247400,2.32,6641578965,6.49,6641549395,6.49
3,104/06/04,184943600,2.46,7835856955,5.69,7817860500,5.68
4,104/06/05,194926700,3.18,8598692180,7.7,8640569265,7.73
5,104/06/08,146254900,2.72,6788601170,7.06,6813596300,7.08
6,104/06/09,167554000,2.63,7362677510,6.76,7333463700,6.73
7,104/06/10,160301100,2.87,8175133130,8.26,8204188690,8.29
8,104/06/11,145590000,2.7,8137693085,8.23,8150521050,8.25
9,104/06/12,122811800,2.76,7008678985,8.41,7014415845,8.42
10,104/06/15,118551000,2.86,6412301360,8.52,6408963490,8.52
11,104/06/16,119656000,2.65,5849619790,7.26,5854392710,7.26
12,104/06/17,138818400,2.75,6477868750,6.98,6484999110,6.99
13,104/06/18,136128900,2.97,6183903080,7.46,6195382685,7.47
14,104/06/22,112301600,2.3,5268411055,5.8,5277936220,5.81
15,104/06/23,167685100,3.07,8116732505,8.06,8126411490,8.07
16,104/06/24,132077100,2.83,5787246135,7.28,5788273335,7.28
17,104/06/25,154651800,2.91,7230215980,7.0,7245878475,7.01
18,104/06/26,162774800,3.69,6767343935,7.99,6784705585,8.01
19,104/06/29,174431900,3.53,6482697655,6.87,6443109400,6.83
20,104/06/30,206815200,4.41,7421607790,8.0,7465110135,8.05
0,104/07/01,135398600,2.9,7485688355,8.64,7505948680,8.66
1,104/07/02,181268300,3.77,7284268465,8.46,7302417500,8.48
2,104/07/03,231279300,4.97,8502060280,10.07,8535917560,10.11
3,104/07/06,200667500,4.53,7438961615,8.9,7392489165,8.84
4,104/07/07,270146700,5.4,9840232585,10.63,9836830410,10.63
5,104/07/08,246025900,3.29,10059857165,7.01,10018805135,6.98
6,104/07/09,397547800,5.61,14381649745,11.03,14643965755,11.23
7,104/07/13,187741100,3.27,8135135915,7.81,8159438025,7.84
8,104/07/14,217361600,3.75,8357020845,8.29,8317533590,8.25
9,104/07/15,177864300,3.65,7314591290,8.77,7307191540,8.76
10,104/07/16,188242100,3.96,6733802795,8.64,6752851980,8.66
11,104/07/17,148986700,3.44,6169291560,8.05,6167713915,8.05
12,104/07/20,174442600,3.59,6918126395,8.37,6895140740,8.34
13,104/07/21,186683600,3.88,6909483415,9.49,6934962860,9.52
14,104/07/22,128265800,2.77,6339586920,7.96,6342067675,7.96
15,104/07/23,199495200,3.45,9054402145,8.66,9017129940,8.63
16,104/07/24,148471600,3.36,6929421865,8.91,6924828855,8.91
17,104/07/27,153711900,2.78,6708635975,6.88,6649231940,6.82
18,104/07/28,239697800,4.14,8802855735,8.78,8877610450,8.86
19,104/07/29,216505100,3.96,8968536130,9.96,8978701985,9.97
20,104/07/30,196903900,3.53,8864262490,10.0,8870622080,10.01
21,104/07/31,175266400,3.71,7393121680,8.5,7403670730,8.51
0,104/08/03,158199300,3.54,7448441420,9.42,7456686090,9.43
1,104/08/04,201942300,3.42,10541437325,10.43,10535588075,10.43
2,104/08/05,174324700,3.5,9247862610,10.65,9277296260,10.68
3,104/08/06,186889700,3.64,9150845200,10.07,9153516530,10.07
4,104/08/07,161935700,3.93,8920590435,11.71,8976147740,11.78
5,104/08/10,166949400,3.5,8632346840,10.9,8685686540,10.97
6,104/08/11,183630900,3.26,9729130400,9.69,9683672460,9.64
7,104/08/12,215891300,3.91,10193338200,10.53,10202845590,10.54
8,104/08/13,211586200,4.04,9582926580,10.76,9599350180,10.78
9,104/08/14,178739200,4.17,7753053930,10.49,7755280950,10.49
10,104/08/17,138904100,3.46,6146350000,8.74,6133085730,8.72
11,104/08/18,195811200,4.41,7569712870,10.0,7568256660,10.0
12,104/08/19,215717100,3.76,9413887230,9.24,9398111530,9.22
13,104/08/20,196763400,4.08,9634611345,10.87,9658766420,10.9
14,104/08/21,203810500,3.73,8983480565,8.66,8955802985,8.63
15,104/08/24,424939600,5.61,16535922520,11.31,16578939120,11.34
16,104/08/25,392557400,6.2,15482607280,12.51,15659110385,12.65
17,104/08/26,431850800,7.61,15785194130,14.33,15891328375,14.43
18,104/08/27,339440300,6.03,13404902705,12.17,13435516885,12.19
19,104/08/28,279451800,5.24,11624020890,11.03,11634309510,11.04
20,104/08/31,302422500,6.19,10200119315,10.03,10239401300,10.07
0,104/09/01,307848900,6.63,10113231380,11.85,10126658420,11.86
1,104/09/02,370867600,7.68,11961632190,13.09,12018527635,13.15
2,104/09/03,290419000,5.81,11054753440,12.68,11098777840,12.73
3,104/09/04,352147500,7.43,11625373585,13.99,11554591265,13.9
4,104/09/07,289963600,7.87,10544905920,15.26,10574086210,15.3
5,104/09/08,246278100,6.65,9372186955,14.02,9392131725,14.05
6,104/09/09,309603400,5.07,12143145590,10.21,12201115290,10.26
7,104/09/10,264017200,5.77,10246259040,11.92,10273084800,11.95
8,104/09/11,224625600,5.66,9892748595,12.26,9906227025,12.28
9,104/09/14,245628900,6.41,9523321720,12.42,9508460445,12.4
10,104/09/15,234360000,6.61,8765858800,12.65,8754965940,12.63
11,104/09/16,247198900,6.14,9730609840,11.96,9712208250,11.94
12,104/09/17,241213300,4.91,9287661400,9.38,9302447075,9.4
13,104/09/18,218759100,4.8,8976978590,9.42,9017855860,9.46
14,104/09/21,176045300,4.66,6806808140,8.75,6815942235,8.76
15,104/09/22,187278300,4.91,7344559450,10.42,7365831715,10.45
16,104/09/23,175432200,4.17,7227848870,8.91,7212836250,8.89
17,104/09/24,215002000,5.05,9225544870,11.16,9195396290,11.12
18,104/09/25,195337000,5.33,9271840310,12.95,9302282340,13.0
19,104/09/30,173368300,3.95,8602735850,8.14,8635007215,8.17
0,104/10/01,160194300,3.37,8565964045,9.55,8588537915,9.58
1,104/10/02,138273100,3.52,7836920150,10.54,7866684250,10.58
2,104/10/05,137686800,3.28,7695050610,9.12,7722628170,9.16
3,104/10/06,170768100,3.39,9615317810,9.51,9598502710,9.49
4,104/10/07,172037400,3.45,8955446080,9.51,9002859095,9.56
5,104/10/08,201004900,4.38,9455390175,9.69,9410113615,9.64
6,104/10/12,163548500,3.5,8412439970,8.15,8444805650,8.19
7,104/10/13,166975300,3.6,8247636800,9.15,8268213540,9.17
8,104/10/14,185886100,3.98,8001777980,9.11,8012668180,9.12
9,104/10/15,184844300,3.75,8258392255,8.67,8269750345,8.68
10,104/10/16,162505600,3.4,7987102900,8.25,7989213610,8.26
11,104/10/19,135752100,3.25,7408326920,9.11,7409915760,9.12
12,104/10/20,124801000,2.83,6846029230,8.27,6846651635,8.28
13,104/10/21,150860000,3.14,7801368490,8.69,7818647960,8.71
14,104/10/22,147931000,3.42,7708238190,10.1,7731048430,10.13
15,104/10/23,149953500,3.38,8365863480,8.89,8354182790,8.88
16,104/10/26,124226000,3.07,7163085980,8.4,7185301350,8.43
17,104/10/27,146711600,3.21,7882516570,8.84,7884421440,8.84
18,104/10/28,133540100,3.06,7010443885,8.7,7014463540,8.71
19,104/10/29,151591400,3.28,7650424840,8.88,7616450260,8.84
20,104/10/30,159669800,3.65,8736881820,10.02,8753731050,10.04
0,104/11/02,138422000,3.47,7826681560,9.93,7858606960,9.97
1,104/11/03,158928000,3.15,8303444340,8.5,8307156280,8.51
2,104/11/04,192556100,3.04,10166007570,7.91,10208495895,7.94
3,104/11/05,200312800,3.52,10509828945,9.81,10508695105,9.81
4,104/11/06,176867000,3.31,10238611960,8.95,10227842100,8.95
5,104/11/09,183879400,3.83,9955985335,10.4,9944282965,10.39
6,104/11/10,161767700,3.6,8778761015,10.14,8798779150,10.16
7,104/11/11,170989900,3.44,9743003190,9.94,9685272670,9.88
8,104/11/12,168123100,3.71,9867705450,11.88,9869615795,11.88
9,104/11/13,156212800,3.9,8089111700,10.35,8088744615,10.34
10,104/11/16,164738400,3.95,8099949070,9.93,8134516190,9.97
11,104/11/17,157605200,3.35,8190696555,9.47,8198058860,9.48
12,104/11/18,157199400,3.54,7423021480,8.86,7432604005,8.87
13,104/11/19,162276100,3.59,8484092880,9.86,8509067950,9.89
14,104/11/20,125673600,3.3,7478459680,9.79,7494914775,9.82
15,104/11/23,116761500,3.31,6259357590,8.86,6269233205,8.87
16,104/11/24,129860200,3.06,7446031375,9.11,7414052720,9.07
17,104/11/25,129436500,3.17,6938827355,9.08,6945861925,9.09
18,104/11/26,140808000,3.36,7564608420,9.44,7582812750,9.46
19,104/11/27,133705400,3.77,6274868835,9.4,6250089395,9.36
20,104/11/30,208394500,3.65,7875177270,5.74,7892344720,5.75
0,104/12/01,148028800,3.3,6852818770,7.48,6880833530,7.51
1,104/12/02,152793400,3.29,7481572925,8.23,7494918525,8.24
2,104/12/03,162990400,3.65,6766941610,8.26,6789666835,8.29
3,104/12/04,129619900,3.22,6519295580,7.91,6534966215,7.93
4,104/12/07,153025800,3.73,7952764420,8.92,7970317610,8.94
5,104/12/08,147809000,3.37,6726106140,7.69,6719784230,7.68
6,104/12/09,174095700,3.73,8080891880,8.92,8062498285,8.9
7,104/12/10,202490100,4.42,9147547090,10.25,9170720500,10.28
8,104/12/11,186630500,4.24,7975324630,8.96,7933696730,8.91
9,104/12/14,173516800,4.39,7466778995,9.82,7488525730,9.85
10,104/12/15,154841600,3.96,6721360915,9.02,6716728000,9.02
11,104/12/16,164584800,3.58,8604663195,9.6,8628267800,9.63
12,104/12/17,174143500,3.47,7921645690,8.56,7955770095,8.6
13,104/12/18,190126100,4.42,7683622870,9.09,7700004080,9.11
14,104/12/21,228101900,4.9,7368336955,9.4,7395537070,9.43
15,104/12/22,186501300,4.24,7277209450,9.42,7272825095,9.41
16,104/12/23,239724100,5.28,7580654395,10.15,7579107420,10.15
17,104/12/24,181139600,4.67,6073675330,9.86,6059883870,9.84
18,104/12/25,126133700,4.67,4094572575,10.17,4104426260,10.19
19,104/12/28,103726000,3.89,3608269640,7.07,3597590310,7.05
20,104/12/29,114454100,3.88,4690702205,8.87,4695976630,8.88
21,104/12/30,127494300,4.18,4651156400,8.68,4640926065,8.66
22,104/12/31,90993400,3.64,3600780620,7.46,3611488760,7.49
0,105/01/04,128757300,3.36,5116588800,6.64,5090217815,6.6
1,105/01/05,191620100,4.59,7375108225,9.17,7410305300,9.22
2,105/01/06,209336500,4.3,9622243440,9.7,9633653730,9.71
3,105/01/07,221600900,3.74,10267751210,8.73,10222876495,8.69
4,105/01/08,231053500,5.09,10221097620,11.0,10284533410,11.07
5,105/01/11,196058000,4.53,8112321790,9.5,8128931880,9.52
6,105/01/12,248826300,5.21,9208647445,10.63,9161617560,10.58
7,105/01/13,199309000,4.75,8182802700,10.68,8186962790,10.68
8,105/01/14,225404400,5.27,8732495240,10.67,8779670120,10.73
9,105/01/15,206696000,4.88,8645032910,9.55,8613441040,9.52
10,105/01/18,221833100,4.86,9092071615,11.12,9152477190,11.2
11,105/01/19,205379600,4.66,8391863940,11.29,8443976210,11.36
12,105/01/20,229834800,4.6,9597113260,10.67,9542998725,10.61
13,105/01/21,214076300,5.06,8389991490,11.37,8386652260,11.37
14,105/01/22,226139800,5.99,7649428345,11.02,7640545695,11.0
15,105/01/25,157671000,4.02,6677826850,9.58,6698213420,9.61
16,105/01/26,163926000,4.39,6579651060,10.55,6576711600,10.54
17,105/01/27,226780500,5.78,8115213115,11.53,8085389060,11.49
18,105/01/28,196173800,4.64,8869568110,11.13,8892141110,11.16
19,105/01/29,284380000,4.83,11825041180,10.42,11888131750,10.47
20,105/01/30,128569000,3.16,7332840830,11.73,7345720750,11.75
0,105/02/01,230263400,5.55,9680147990,11.4,9659336105,11.37
1,105/02/02,214703400,5.99,8503408295,11.52,8545196300,11.57
2,105/02/03,181530100,5.43,7795516970,9.92,7789283530,9.91
3,105/02/15,187314000,5.06,7835177640,8.79,7886341285,8.85
4,105/02/16,201260100,4.11,8535166690,9.24,8574412515,9.29
5,105/02/17,230246000,5.07,9240795980,10.87,9239898370,10.87
6,105/02/18,207317300,4.41,9145307435,9.49,9153764390,9.5
7,105/02/19,190960000,5.04,7977015610,10.39,7994196060,10.41
8,105/02/22,217544000,5.28,8443914110,11.01,8456792380,11.03
9,105/02/23,202877000,4.73,8637247930,10.91,8655505000,10.93
10,105/02/24,232285200,5.56,7714248130,10.57,7713048885,10.57
11,105/02/25,292071000,6.05,9407903780,11.02,9414132890,11.02
12,105/02/26,225904200,5.38,8244597820,9.71,8266236530,9.74
0,105/03/01,200056000,4.6,9021617910,9.69,9064771310,9.73
1,105/03/02,228374000,4.24,9284092725,9.14,9289873465,9.15
2,105/03/03,263706000,4.72,9319317780,9.18,9329878540,9.19
3,105/03/04,246206500,4.96,8800868595,9.24,8828232810,9.27
4,105/03/07,243844900,4.89,9538798150,9.8,9555447330,9.81
5,105/03/08,340038900,5.91,12128031665,11.29,12170458445,11.33
6,105/03/09,240781100,4.94,9333563100,10.63,9361497400,10.67
7,105/03/10,255225300,5.26,9867275400,11.34,9881244930,11.36
8,105/03/11,258005000,5.49,9840185300,10.98,9887533090,11.03
9,105/03/14,243240000,4.9,10289380350,10.21,10331208100,10.25
10,105/03/15,278110800,4.83,13802829740,11.83,13714943590,11.76
11,105/03/16,249756000,5.05,11300777930,11.85,11336872410,11.89
12,105/03/17,311457000,5.52,12222587165,11.06,12199895475,11.04
13,105/03/18,249344000,4.92,10341720720,8.72,10375347900,8.75
14,105/03/21,226222700,5.4,8569321715,10.25,8592179570,10.27
15,105/03/22,214163400,4.71,8424363540,9.58,8421270750,9.57
16,105/03/23,224173500,5.4,10331633350,12.44,10326288945,12.44
17,105/03/24,234866000,5.42,9844645710,12.14,9865698600,12.17
18,105/03/25,180556300,5.18,6869510625,10.25,6871143905,10.25
19,105/03/28,195025000,5.36,7356273350,10.59,7352958580,10.59
20,105/03/29,211155100,4.86,8243103095,10.25,8222960870,10.23
21,105/03/30,222601000,5.0,9466194470,10.61,9501469210,10.65
22,105/03/31,235660000,5.25,9693729040,10.08,9696643230,10.08
0,105/04/01,181366000,5.16,7245955790,9.73,7241946080,9.72
1,105/04/06,160484200,3.76,7571699610,7.59,7600407490,7.62
2,105/04/07,201189000,4.65,8570349920,10.08,8561071080,10.07
3,105/04/08,243638000,6.01,8666635100,10.98,8697584870,11.02
4,105/04/11,180582000,4.98,7402853170,10.74,7418237400,10.76
5,105/04/12,204050000,4.77,10462282580,12.49,10398526900,12.41
6,105/04/13,186133200,3.87,9205347260,9.96,9233451690,9.99
7,105/04/14,183301300,4.24,7804132030,9.49,7798412790,9.48
8,105/04/15,164146000,4.4,9236847570,11.58,9263858080,11.62
9,105/04/18,139756500,4.15,7157243260,11.0,7170273360,11.02
10,105/04/19,189858600,4.59,10064244800,12.37,10060843350,12.36
11,105/04/20,202976000,4.21,10032587880,10.36,9997464540,10.32
12,105/04/21,153527000,3.92,8039956430,10.58,8048980090,10.59
13,105/04/22,184317100,4.81,9562857080,12.09,9549774925,12.07
14,105/04/25,119666000,4.08,6415905360,11.41,6425651500,11.43
15,105/04/26,160438000,4.79,7506352760,12.05,7519297850,12.07
16,105/04/27,149053200,4.27,7627474330,11.08,7637053450,11.1
17,105/04/28,163492000,4.16,7053658460,9.38,7046449970,9.37
18,105/04/29,137887000,3.85,6697558640,8.42,6693739920,8.41
0,105/05/03,149969400,3.99,7077921010,8.89,7088506280,8.91
1,105/05/04,153203000,3.69,7685537990,9.32,7673996850,9.31
2,105/05/05,158420000,3.98,7930222620,10.57,7941913230,10.59
3,105/05/06,183363400,4.63,9360637005,11.09,9383412055,11.11
4,105/05/09,160925000,4.33,7890238460,10.45,7879981960,10.44
5,105/05/10,168501000,4.5,8133297100,11.46,8164833820,11.51
6,105/05/11,178340000,4.4,8879881250,11.04,8880269120,11.04
7,105/05/12,165286300,4.64,8085172645,11.79,8081155535,11.78
8,105/05/13,188812000,4.46,8854917340,9.84,8867082810,9.86
9,105/05/16,156514000,4.83,6971493160,10.77,6993817800,10.81
10,105/05/17,174380600,4.83,7542723170,11.31,7568888365,11.35
11,105/05/18,169339000,4.84,7138447940,10.91,7155259940,10.94
12,105/05/19,143143000,4.62,6410865650,10.61,6405242030,10.6
13,105/05/20,153578000,5.38,6832467510,11.72,6846701160,11.75
14,105/05/23,213834400,4.59,9762264220,10.78,9823805725,10.84
15,105/05/24,135089000,3.79,6374609560,9.86,6378209490,9.86
16,105/05/25,175210000,4.32,8366120750,10.39,8370436160,10.4
17,105/05/26,167378000,4.69,8300639790,12.67,8309919800,12.69
18,105/05/27,150814000,4.42,6941054180,10.11,6950202260,10.12
19,105/05/30,144490000,3.82,7350556750,9.4,7380343300,9.44
20,105/05/31,193283300,3.92,8721803505,7.54,8730068040,7.55
0,105/06/01,163606700,3.98,7031885825,9.1,7042237630,9.12
1,105/06/02,183077000,4.14,9055109690,11.01,9042214890,11.0
2,105/06/03,151704000,4.43,7701304290,11.88,7702412940,11.88
3,105/06/04,81609000,4.3,4836795310,16.01,4841277960,16.02
4,105/06/06,154503000,5.06,6928002920,11.17,6932553500,11.18
5,105/06/07,145469000,3.65,7783778940,9.15,7782832080,9.15
6,105/06/08,164953000,4.47,8040985205,9.37,8045993720,9.37
7,105/06/13,136605000,3.82,6190667330,7.4,6190783060,7.4
8,105/06/14,162709500,5.2,6742570240,10.55,6761765210,10.58
9,105/06/15,342544400,9.53,10222923840,14.03,10345720300,14.2
10,105/06/16,186328700,5.02,7157618280,9.82,7156022235,9.82
11,105/06/17,189109000,5.42,6913330450,9.45,6929764580,9.47
12,105/06/20,164490600,5.48,5874609600,9.51,5885668500,9.53
13,105/06/21,160015000,4.73,6626689850,9.39,6643216270,9.41
14,105/06/22,190289000,5.34,7409590300,10.15,7414185840,10.16
15,105/06/23,124490100,4.0,5238217575,8.6,5237384640,8.6
16,105/06/24,377679700,6.52,14148915400,11.42,14105227115,11.39
17,105/06/27,138696200,4.24,6124726220,9.56,6137007420,9.58
18,105/06/28,180817000,4.72,8786968730,11.91,8833286760,11.98
19,105/06/29,239921000,5.29,9985755890,12.02,9966620480,12.0
20,105/06/30,243548000,5.04,8647995200,9.06,8672824250,9.08
0,105/07/01,207025200,4.86,8020121420,9.17,8028225550,9.18
1,105/07/04,151557500,4.16,5926759360,8.24,5941340075,8.26
2,105/07/05,154295000,4.44,5765265440,9.01,5768155050,9.01
3,105/07/06,149119400,3.54,6658506040,8.39,6654787020,8.39
4,105/07/07,163087000,4.86,6617665260,10.35,6617822120,10.35
5,105/07/11,161093000,3.44,6255574120,6.29,6265050710,6.3
6,105/07/12,172577200,3.67,8305390810,8.44,8335686720,8.48
7,105/07/13,212730400,4.38,8000887015,8.12,8025589890,8.15
8,105/07/14,178000500,4.02,6774365205,8.0,6789733735,8.02
9,105/07/15,176300000,3.61,8067825660,7.85,8087302270,7.87
10,105/07/18,171817000,3.76,8035244470,8.59,8054090130,8.61
11,105/07/19,228763000,4.79,7535951450,7.82,7545864960,7.83
12,105/07/20,194873000,4.38,8127775060,8.56,8138066300,8.57
13,105/07/21,265061000,5.09,8284766180,8.23,8310947960,8.25
14,105/07/22,196838000,4.63,6959824290,8.48,6966334760,8.49
15,105/07/25,212170000,5.29,7208668990,9.28,7200994610,9.27
16,105/07/26,164089000,4.17,6498306900,8.5,6518764360,8.52
17,105/07/27,241327000,4.85,9403744210,9.75,9400586730,9.74
18,105/07/28,213560000,4.48,7450754300,8.39,7454168680,8.39
19,105/07/29,175049000,4.54,6168827460,7.73,6174662480,7.73
0,105/08/01,150748000,3.89,6246375610,7.92,6264135880,7.94
1,105/08/02,142472000,3.66,6543705010,8.84,6547497720,8.84
2,105/08/03,167707000,4.37,6384315110,9.02,6405622760,9.05
3,105/08/04,157397000,4.1,6804248810,9.14,6812298380,9.15
4,105/08/05,170695000,4.03,7520836380,8.92,7536117800,8.94
5,105/08/08,144626000,3.54,7246312990,8.68,7270040820,8.71
6,105/08/09,142452000,3.5,6247567300,7.82,6234610670,7.8
7,105/08/10,155533000,3.68,6556809540,8.13,6570305200,8.15
8,105/08/11,196159500,4.12,8686312440,9.28,8691653960,9.28
9,105/08/12,155475000,3.87,7479433990,8.45,7484697750,8.46
10,105/08/15,168303600,4.1,6807724725,8.52,6821846980,8.53
11,105/08/16,196780200,4.42,7570336670,8.91,7581532040,8.93
12,105/08/17,159548000,4.01,6302454660,7.75,6305525290,7.76
13,105/08/18,178863000,4.45,7198987700,9.07,7219077650,9.1
14,105/08/19,225680000,5.14,8595630900,10.25,8573025960,10.23
15,105/08/22,159387000,4.1,6103003040,8.78,6108707610,8.79
16,105/08/23,164871000,4.29,5792602520,8.65,5806743640,8.67
17,105/08/24,147023000,4.17,5321221630,8.64,5329787050,8.66
18,105/08/25,192413000,4.5,6786609140,8.62,6805538670,8.65
19,105/08/26,142435000,3.96,5999657180,9.11,5999892110,9.11
20,105/08/29,155408000,4.09,6218176110,9.19,6233014340,9.21
21,105/08/30,141107000,3.75,6277214440,9.02,6290471520,9.04
22,105/08/31,176037000,4.12,6997037790,8.03,7003130480,8.04
0,105/09/01,170557000,4.2,7094943350,8.8,7102922990,8.81
1,105/09/02,182390000,4.23,6359637300,7.95,6358709830,7.95
2,105/09/05,128018000,3.55,5186420880,8.1,5201887010,8.12
3,105/09/06,152516000,3.7,6375879220,8.33,6386745460,8.34
4,105/09/07,165107000,3.45,7351500540,7.89,7367033400,7.91
5,105/09/08,147843000,3.71,6252087810,8.01,6262088120,8.03
6,105/09/09,123500000,3.47,5807986340,8.6,5818791960,8.62
7,105/09/10,102512000,3.45,4430967680,9.11,4439234760,9.13
8,105/09/12,155299000,4.27,6371196480,8.34,6369508610,8.33
9,105/09/13,184199000,4.79,7929637400,10.03,7925783150,10.03
10,105/09/14,137373000,4.17,6992693080,8.16,7001674590,8.17
11,105/09/19,144606000,3.56,7656114970,7.64,7681918410,7.67
12,105/09/20,146976000,4.04,6274338790,9.02,6280627740,9.03
13,105/09/21,172629000,4.47,7070031200,9.54,7092105620,9.56
14,105/09/22,170408000,4.65,7411672700,10.37,7412238550,10.37
15,105/09/23,141176000,4.38,5637805090,8.62,5647675660,8.64
16,105/09/26,123197000,4.69,4535758200,8.13,4540545960,8.14
17,105/09/29,160846000,4.32,6524084990,7.25,6529868170,7.25
18,105/09/30,143278000,4.18,5585540290,7.48,5590570110,7.49
0,105/10/03,122772000,4.08,5341547590,9.6,5351589280,9.62
1,105/10/04,119639000,3.9,5808583680,9.36,5820866790,9.38
2,105/10/05,108931000,3.62,5182615970,8.5,5187579070,8.51
3,105/10/06,123225000,3.92,5547678550,8.75,5549358090,8.76
4,105/10/07,127434000,4.27,5142155030,8.13,5140971700,8.12
5,105/10/11,199139000,4.82,8346904790,9.3,8331434860,9.28
6,105/10/12,149544000,4.38,6533593100,9.85,6548611270,9.87
7,105/10/13,155619000,4.65,7282934580,9.68,7281144510,9.68
8,105/10/14,140598500,4.36,6847267795,10.07,6843478675,10.06
9,105/10/17,148866000,4.82,6285976210,10.21,6311103100,10.25
10,105/10/18,138288000,4.52,6320553670,9.85,6331685290,9.87
11,105/10/19,169244000,4.93,6515905030,8.81,6524074310,8.82
12,105/10/20,177541000,5.03,6313056010,9.66,6320994340,9.67
13,105/10/21,197209000,5.22,6084357760,8.0,6095885760,8.02
14,105/10/24,140210000,4.6,5116398130,8.84,5125517810,8.85
15,105/10/25,158159000,4.43,6099901960,9.28,6113633120,9.3
16,105/10/26,142885000,4.46,5614487190,9.15,5622633040,9.16
17,105/10/27,167773000,4.88,6430282120,9.47,6427921490,9.46
18,105/10/28,150645000,4.82,5981308100,9.32,5974661970,9.31
19,105/10/31,150429000,5.12,5532879460,9.23,5554353190,9.26
0,105/11/01,133994000,5.36,4582616350,9.27,4589948050,9.29
1,105/11/02,150522000,4.72,5575900360,8.67,5562364530,8.65
2,105/11/03,153878000,4.8,6709943340,9.93,6709953850,9.93
3,105/11/04,144782000,5.28,5872139180,11.04,5881303250,11.06
4,105/11/07,123069000,4.34,5131830120,9.09,5147450680,9.11
5,105/11/08,136936000,4.45,5655358750,9.78,5661902070,9.79
6,105/11/09,383106000,6.33,13161102450,10.99,13069782320,10.91
7,105/11/10,177551000,3.93,6787094470,7.57,6808735930,7.6
8,105/11/11,221049000,4.36,8683451020,7.61,8696172500,7.62
9,105/11/14,237756000,5.12,9445652580,9.59,9477169000,9.62
10,105/11/15,202629000,4.94,7811879530,9.71,7828646470,9.73
11,105/11/16,188371000,4.81,6584897930,8.4,6593010230,8.41
12,105/11/17,188983000,5.27,6585160530,10.21,6597077130,10.23
13,105/11/18,189734100,5.06,7398431375,10.55,7421504710,10.59
14,105/11/21,259389000,6.91,6702045310,10.65,6724297260,10.69
15,105/11/22,251482000,5.42,7434767890,9.1,7448341690,9.12
16,105/11/23,237762000,5.55,7409978890,9.82,7418379490,9.84
17,105/11/24,269011000,6.65,7273065400,11.12,7288563200,11.14
18,105/11/25,243458000,6.64,6128658070,10.42,6136721200,10.43
19,105/11/28,240073000,5.64,6795706380,9.36,6810549390,9.38
20,105/11/29,223527000,5.18,6873118280,9.07,6889835040,9.1
21,105/11/30,247668200,5.08,7250869570,6.73,7261715960,6.74
0,105/12/01,240260000,5.8,6833672900,9.09,6846316060,9.1
1,105/12/02,198153100,5.23,6138385980,8.04,6145149295,8.05
2,105/12/05,189109000,5.57,5781733090,9.09,5782728220,9.09
3,105/12/06,165218000,4.5,5896431230,8.25,5898010040,8.25
4,105/12/07,197455000,5.42,6468809530,9.69,6475734570,9.7
5,105/12/08,219638000,4.82,7288905340,8.0,7297791060,8.01
6,105/12/09,190048200,4.79,6603413960,8.45,6613207510,8.47
7,105/12/12,212927100,5.27,7028194220,9.47,7030404610,9.47
8,105/12/13,218543000,5.73,6174146020,8.79,6185504930,8.81
9,105/12/14,186535000,5.43,7058398800,10.46,7073486210,10.48
10,105/12/15,229910000,5.99,6937568100,9.64,6952486040,9.66
11,105/12/16,205020000,5.57,6703332190,8.33,6708041530,8.34
12,105/12/19,145849000,4.62,4625996810,7.96,4614557640,7.94
13,105/12/20,163440000,4.84,5527115610,9.15,5531404670,9.16
14,105/12/21,172414000,5.39,5136228900,8.65,5144580690,8.67
15,105/12/22,131294000,4.0,4417254580,7.57,4413281520,7.57
16,105/12/23,156527000,5.33,4652804640,8.71,4652453810,8.71
17,105/12/26,116198000,5.67,3560894250,11.02,3565739320,11.03
18,105/12/27,103798000,4.98,3269335610,9.69,3269860060,9.69
19,105/12/28,137593000,4.91,3677209310,7.69,3687801160,7.71
20,105/12/29,153759000,5.68,5629600230,10.66,5642931670,10.69
21,105/12/30,153660000,5.6,5437172660,9.46,5442387160,9.47
0,106/01/03,138684000,5.56,3793796040,8.22,3803583070,8.24
1,106/01/04,143666000,4.95,5283397220,9.22,5292439740,9.23
2,106/01/05,215064000,5.47,7123226910,9.18,7147467810,9.21
3,106/01/06,188771000,5.23,6150701470,8.67,6154734680,8.67
4,106/01/09,201931000,5.68,6158869250,9.51,6160375800,9.52
5,106/01/10,168426000,5.12,5599375100,9.24,5610383690,9.25
6,106/01/11,221239000,6.01,7251385500,9.8,7269544040,9.83
7,106/01/12,255419000,6.77,6806955150,8.74,6814451910,8.75
8,106/01/13,196142000,5.95,6670758280,9.14,6684611140,9.16
9,106/01/16,170171000,5.54,5035192120,8.62,5038870820,8.63
10,106/01/17,224757200,7.36,6510328500,11.05,6529847420,11.09
11,106/01/18,244050500,6.51,8304334180,10.69,8340880700,10.73
12,106/01/19,233725000,6.46,10204371440,12.49,10220393160,12.51
13,106/01/20,206258000,6.65,6745127830,9.27,6758505680,9.29
14,106/01/23,226610000,7.03,6462673780,8.23,6475876110,8.25
15,106/01/24,253812000,7.54,6961302150,7.7,6980513660,7.72
0,106/02/02,333702000,6.51,9030681610,6.1,9079545070,6.13
1,106/02/03,354101000,6.98,9088185830,8.88,9099448240,8.89
2,106/02/06,362385000,6.57,8736393710,8.53,8772207080,8.57
3,106/02/07,281838000,5.71,8148121110,8.51,8165601080,8.53
4,106/02/08,306699000,5.78,9172101570,8.28,9199509250,8.3
5,106/02/09,329953000,6.26,10212713520,9.61,10256882260,9.65
6,106/02/10,421792000,6.75,13744057320,10.04,13752792870,10.05
7,106/02/13,322529000,6.13,9437961680,9.32,9460581580,9.35
8,106/02/14,293475000,5.3,9829422140,8.64,9831447260,8.64
9,106/02/15,316586100,5.5,10632706250,9.01,10668503300,9.04
10,106/02/16,275216000,5.32,10446034200,9.64,10449132410,9.64
11,106/02/17,255817000,5.86,11122855950,11.68,11162806860,11.72
12,106/02/18,215966100,6.33,9218696485,14.87,9248861740,14.92
13,106/02/20,297922900,6.27,11648565395,11.9,11644270590,11.9
14,106/02/21,326261000,7.08,9460804270,10.5,9479439390,10.52
15,106/02/22,296630000,6.11,11638261280,11.49,11672647750,11.52
16,106/02/23,282752000,6.07,10024479630,9.91,10027464400,9.92
17,106/02/24,279412000,6.61,8851020230,9.55,8864262190,9.56
0,106/03/01,253493000,5.82,8350940310,8.35,8328159160,8.33
1,106/03/02,284640000,5.97,11087032680,10.64,11090739540,10.64
2,106/03/03,250463000,6.01,8582886450,10.04,8579294970,10.03
3,106/03/06,215168100,5.78,7112115625,10.33,7120962060,10.34
4,106/03/07,210513000,5.43,6659508360,9.27,6670848160,9.29
5,106/03/08,235641000,5.61,7836097910,9.48,7849380290,9.5
6,106/03/09,259687000,5.4,7990528410,8.84,7993101460,8.84
7,106/03/10,249909000,5.41,9393239510,10.46,9438605300,10.51
8,106/03/13,218380000,5.32,10203898340,12.3,10224206890,12.33
9,106/03/14,231237000,4.94,9160402540,9.92,9176302740,9.94
10,106/03/15,211523000,5.43,7591555650,10.46,7596947310,10.46
11,106/03/16,225871000,4.95,9914396550,10.37,9919286350,10.38
12,106/03/17,238580000,4.81,8607007730,7.85,8635145590,7.88
13,106/03/20,223309000,5.31,8511133930,10.07,8533257080,10.09
14,106/03/21,232298000,5.1,9407174070,9.37,9420093540,9.39
15,106/03/22,254087000,5.72,11615449000,11.91,11660585820,11.96
16,106/03/23,333631000,7.05,14159098110,13.83,14213904880,13.89
17,106/03/24,274059000,6.54,11034124870,12.35,11032254600,12.35
18,106/03/27,243856000,5.8,8191838780,9.26,8187077810,9.25
19,106/03/28,264465000,5.47,11411227550,10.9,11399387650,10.88
20,106/03/29,284435000,6.55,10023609730,11.29,10047295330,11.32
21,106/03/30,302375000,7.1,9937599600,10.83,9979486880,10.87
22,106/03/31,290692000,6.94,12028225380,11.55,12040359920,11.56
0,106/04/05,253258000,5.07,11197333550,8.76,11227746190,8.78
1,106/04/06,201081000,4.87,9177455920,9.95,9154952870,9.93
2,106/04/07,316750000,6.79,13018467200,12.64,13065692180,12.68
3,106/04/10,338633000,7.61,10893974940,12.47,10927867300,12.51
4,106/04/11,237299000,5.28,11878733020,12.56,11836280850,12.52
5,106/04/12,298129000,6.49,10687677140,11.87,10715956870,11.9
6,106/04/13,281014000,6.17,10712210190,12.35,10713664340,12.35
7,106/04/14,236072000,5.24,10337815240,11.85,10330020770,11.84
8,106/04/17,300196000,7.13,11245117880,14.37,11257648760,14.39
9,106/04/18,230179000,6.21,9686399050,13.06,9703468500,13.08
10,106/04/19,226560000,5.17,9814659170,11.12,9812784540,11.12
11,106/04/20,187396000,4.71,9497122100,11.27,9494203420,11.27
12,106/04/21,187202000,5.28,8853685760,12.44,8859116280,12.45
13,106/04/24,172194000,5.35,7335532260,11.0,7338323060,11.0
14,106/04/25,244592700,5.52,10967852395,11.73,11008216395,11.78
15,106/04/26,268113000,5.68,12683599150,12.27,12744320590,12.33
16,106/04/27,235245400,6.05,10637400410,12.73,10670770240,12.77
17,106/04/28,407576000,9.59,17389599520,17.33,17379104750,17.32
0,106/05/02,310523000,6.77,15279721970,13.47,15314034810,13.5
1,106/05/03,301775300,7.74,13506852470,16.69,13507059205,16.69
2,106/05/04,365443000,10.21,13088094400,17.28,13121677630,17.33
3,106/05/05,302612700,8.17,11691316220,15.4,11701116120,15.42
4,106/05/08,290512000,7.52,11854209690,13.78,11863086100,13.79
5,106/05/09,392859000,8.17,17477249990,15.89,17486591780,15.9
6,106/05/10,315240000,7.49,14551654860,15.87,14605035360,15.92
7,106/05/11,390274000,8.48,16238786460,16.48,16244403450,16.49
8,106/05/12,342995500,8.06,15954591160,17.12,15986280470,17.16
9,106/05/15,267036000,6.48,13928347030,15.74,13975145800,15.79
10,106/05/16,299157000,6.64,16182691050,15.36,16173859280,15.35
11,106/05/17,278116000,7.13,14120842580,16.76,14139939790,16.78
12,106/05/18,307518200,7.93,14863505900,17.67,14909263000,17.73
13,106/05/19,353904000,10.0,11591158660,16.39,11594394010,16.39
14,106/05/22,265426000,8.1,11927017880,16.59,11954483130,16.63
15,106/05/23,273605000,7.14,12943544660,15.73,12958892370,15.75
16,106/05/24,300200000,7.92,14084590780,17.19,14113800980,17.22
17,106/05/25,373298000,8.32,15761957810,16.35,15784946910,16.37
18,106/05/26,334801000,8.41,15461248720,16.66,15472876160,16.68
19,106/05/31,309305300,6.75,13444849905,10.79,13454774460,10.8
0,106/06/01,367448600,9.33,13730078585,16.59,13769886370,16.63
1,106/06/02,369389000,8.66,13537993710,15.31,13565076980,15.34
2,106/06/03,253113000,9.04,9745812530,21.13,9768108250,21.18
3,106/06/05,401285000,8.95,15117191580,16.09,15143691130,16.12
4,106/06/06,382631000,8.91,14228782370,16.32,14247660050,16.34
5,106/06/07,377558000,8.27,15473554320,14.9,15479565660,14.9
6,106/06/08,297406000,7.36,13908735550,16.15,13930490250,16.18
7,106/06/09,371696000,7.94,16408441540,15.7,16411614560,15.71
8,106/06/12,300295000,7.53,12553289810,13.72,12576992850,13.75
9,106/06/13,314549000,8.73,13910751300,16.81,13921170740,16.83
10,106/06/14,358306700,7.87,15956848280,15.72,15946382870,15.71
11,106/06/15,319103000,8.14,13886007200,17.5,13916326520,17.54
12,106/06/16,376652000,8.55,16120729560,16.44,16165509280,16.49
13,106/06/19,327289000,7.66,16199068930,17.86,16236361380,17.9
14,106/06/20,347049000,7.66,17002320650,17.91,17013665010,17.92
15,106/06/21,472117000,9.19,17489010990,15.81,17549237170,15.86
16,106/06/22,374492700,7.9,16079170060,16.41,16099871800,16.43
17,106/06/23,370251000,8.63,15038583800,16.45,15050514870,16.46
18,106/06/26,429958000,7.42,18477999890,13.68,18539094110,13.72
19,106/06/27,479725000,8.56,18807683920,16.39,18843738900,16.43
20,106/06/28,589127800,9.78,18888251075,15.11,18911000070,15.13
21,106/06/29,598274000,11.07,18116194200,18.02,18105381450,18.01
22,106/06/30,426963000,9.41,13955566020,14.64,13989603850,14.67
0,106/07/03,362604000,8.14,13166420400,15.36,13188355220,15.39
1,106/07/04,405101000,8.27,13709775910,14.78,13713623050,14.78
2,106/07/05,354136000,8.24,13497502520,15.88,13529955210,15.92
3,106/07/06,301351000,7.54,16042391630,18.32,16082469630,18.37
4,106/07/07,286848000,7.66,16296193780,19.44,16297988180,19.45
5,106/07/10,304490000,7.68,12980241130,15.71,12989113090,15.72
6,106/07/11,309834100,6.44,17633241905,15.96,17671945150,15.99
7,106/07/12,372796000,7.31,18851867780,16.78,18904862940,16.83
8,106/07/13,412818000,7.21,17100293310,14.55,17137389220,14.58
9,106/07/14,442511000,9.09,20728580800,20.46,20790362970,20.52
10,106/07/17,403356400,8.36,17952063000,17.91,17990937110,17.95
11,106/07/18,364571200,7.53,16975588450,17.45,17022981260,17.5
12,106/07/19,436052000,8.03,24972912590,20.79,25025744720,20.83
13,106/07/20,401216000,7.99,19597022850,18.93,19613372670,18.94
14,106/07/21,337869000,8.1,15781091570,18.42,15794484670,18.44
15,106/07/24,308622000,7.84,14260365760,17.18,14287290970,17.22
16,106/07/25,372526000,8.15,19672508630,21.1,19729150820,21.16
17,106/07/26,418699000,7.86,19311380330,17.59,19332459180,17.61
18,106/07/27,453074100,8.2,21170108740,19.16,21233394710,19.22
19,106/07/28,330340000,7.33,18479340470,18.7,18478358230,18.7
20,106/07/31,321250000,7.33,15920314140,16.43,15967174910,16.48
0,106/08/01,406336000,7.53,20211029300,17.88,20267363120,17.93
1,106/08/02,431560000,7.79,24123366790,19.37,24179683950,19.41
2,106/08/03,387745000,7.73,21490425230,19.38,21512202820,19.4
3,106/08/04,457336100,8.76,23906947090,20.89,23967957105,20.95
4,106/08/07,442422000,7.79,26497704080,20.69,26600306390,20.77
5,106/08/08,529295000,8.84,28348719460,21.11,28341838910,21.1
6,106/08/09,410399000,7.52,20796797420,18.46,20810775820,18.47
7,106/08/10,494366000,7.73,25775017700,18.8,25688707430,18.74
8,106/08/11,473286200,8.06,23281142160,18.91,23386758150,18.99
9,106/08/14,414447000,7.62,20089810720,18.47,20046303560,18.43
10,106/08/15,448532000,8.87,18620527700,19.53,18645298390,19.55
11,106/08/16,517114000,9.96,21122617250,21.01,21166300930,21.06
12,106/08/17,539360000,9.6,19970492830,20.17,20014125030,20.22
13,106/08/18,499651200,9.9,17825806700,19.77,17887070280,19.83
14,106/08/21,444787000,9.71,17146877970,19.83,17185057610,19.87
15,106/08/22,523373200,9.43,26130584550,23.55,26224085300,23.64
16,106/08/23,515832000,9.14,28891812530,24.68,28946219030,24.73
17,106/08/24,617121500,10.62,27892100750,23.68,27967321390,23.74
18,106/08/25,687385500,11.4,28793994205,23.68,28872429060,23.75
19,106/08/28,651734800,11.06,23035418320,20.07,23076688860,20.11
20,106/08/29,754823400,12.98,23382835450,21.51,23449489340,21.57
21,106/08/30,648932000,10.99,26863050840,22.1,26925818840,22.16
22,106/08/31,594639000,10.0,25902003550,20.0,25927858250,20.02
0,106/09/01,732466000,12.07,24712325660,21.39,24798120670,21.46
1,106/09/04,604417000,10.99,22021620120,20.58,22064089310,20.62
2,106/09/05,686027000,11.67,24441410820,20.24,24523277950,20.31
3,106/09/06,649903000,10.43,26480895020,20.31,26527438150,20.35
4,106/09/07,799598000,12.42,29352170980,22.07,29290687900,22.02
5,106/09/08,682531000,11.8,25811430880,21.01,25876687660,21.07
6,106/09/11,668096000,11.28,31467071240,23.7,31489160030,23.72
7,106/09/12,686267000,11.89,31250409500,24.74,31261424770,24.75
8,106/09/13,598976000,10.23,29538142940,22.67,29548164660,22.68
9,106/09/14,586354000,10.61,30981819400,25.04,31111976310,25.15
10,106/09/15,731058000,11.27,36221971510,22.81,36333957280,22.88
11,106/09/18,866423000,12.46,32832961360,24.18,32943958780,24.27
12,106/09/19,722928000,10.91,33894444050,24.06,33868513750,24.04
13,106/09/20,631793000,10.71,31283982230,23.72,31314634630,23.75
14,106/09/21,557308000,10.0,30204216970,24.79,30312854760,24.88
15,106/09/22,497219500,8.68,27158068225,22.2,27114201960,22.16
16,106/09/25,532561000,9.2,30828085360,23.33,30866580200,23.36
17,106/09/26,534342000,9.27,29217792090,23.63,29169662820,23.59
18,106/09/27,520440000,9.85,30768473390,27.79,30826559690,27.84
19,106/09/28,531333000,10.61,28182535040,26.18,28222830020,26.21
20,106/09/29,484740400,9.84,25993188340,25.53,26027772980,25.56
21,106/09/30,304158000,8.48,14730412630,27.13,14763318950,27.19
0,106/10/02,425136000,9.0,25987618730,25.58,26070848700,25.66
1,106/10/03,474854000,9.91,28688660590,26.21,28738297360,26.26
2,106/10/05,433507000,9.27,26161371860,24.55,26238567580,24.62
3,106/10/06,438675000,9.39,27033329880,24.77,27064642760,24.8
4,106/10/11,623404500,10.47,32594791225,20.88,32629764855,20.9
5,106/10/12,502704000,9.36,27488636470,21.77,27575585880,21.84
6,106/10/13,580932000,11.05,31369687510,25.4,31469382330,25.48
7,106/10/16,515129300,9.04,27566333290,21.73,27645071640,21.79
8,106/10/17,526527100,9.93,28255374210,23.31,28243621800,23.3
9,106/10/18,638770000,11.12,36849975010,26.72,36888449230,26.75
10,106/10/19,550145000,10.07,32092194640,26.77,32180841070,26.85
11,106/10/20,492456800,9.22,32561408055,25.76,32638577940,25.82
12,106/10/23,481715000,9.77,27051706995,25.6,27092033245,25.64
13,106/10/24,546153400,10.42,30809490470,27.51,30903774770,27.59
14,106/10/25,610471300,11.08,30826752340,25.63,30818800990,25.63
15,106/10/26,548192700,10.5,29757175275,26.45,29877176305,26.55
16,106/10/27,743430600,11.14,40134886535,26.91,40036360320,26.85
17,106/10/30,554627100,9.98,31173741080,24.92,31194077100,24.94
18,106/10/31,486546000,9.13,29802216150,25.03,29910732060,25.12
0,106/11/01,613102000,10.35,33860143500,26.16,33899942970,26.19
1,106/11/02,690162000,12.27,31971691320,26.65,32009564100,26.68
2,106/11/03,550388000,10.33,31197351060,26.91,31225544590,26.94
3,106/11/06,548183000,10.24,29165140640,25.69,29225937730,25.74
4,106/11/07,674836000,11.1,31171517020,24.4,31248326180,24.46
5,106/11/08,629715000,10.78,31665354230,26.1,31706160170,26.13
6,106/11/09,702199000,10.33,36306112770,24.39,36243230160,24.35
7,106/11/10,586399400,10.13,32356138850,26.87,32469544290,26.97
8,106/11/13,640791000,10.03,27559426500,21.23,27567805980,21.24
9,106/11/14,671034500,10.85,32189534960,25.65,32221783835,25.68
10,106/11/15,466212000,8.11,27592464150,21.31,27654321850,21.36
11,106/11/16,583396200,10.92,27283488130,25.67,27349014070,25.73
12,106/11/17,577869000,9.67,31306191440,24.37,31358239065,24.41
13,106/11/20,622794300,10.72,24815307190,22.44,24825968430,22.45
14,106/11/21,766664400,10.86,29336551430,21.12,29437630745,21.19
15,106/11/22,916145000,10.74,45074006410,25.02,45130212880,25.05
16,106/11/23,727188100,10.99,34926390070,26.75,35027979840,26.82
17,106/11/24,770160100,11.7,32329772400,25.1,32403929770,25.16
18,106/11/27,643071400,9.82,31371646980,23.17,31364079890,23.16
19,106/11/28,805839300,12.02,35864719610,25.17,35901091390,25.19
20,106/11/29,880689600,13.18,35414812070,26.1,35474482400,26.15
21,106/11/30,1122136000,12.73,47367710370,20.28,47559848440,20.36
0,106/12/01,1028284200,12.96,48682262980,26.84,48746264000,26.87
1,106/12/04,717833000,11.16,33538353710,25.82,33597800190,25.87
2,106/12/05,769920000,11.04,36012567220,24.56,36004749700,24.55
3,106/12/06,644400100,8.93,39444061310,24.45,39369546775,24.4
4,106/12/07,660643400,10.01,34937239055,25.21,34934357830,25.21
5,106/12/08,760620100,12.22,37178048600,28.41,37322075280,28.52
6,106/12/11,570042300,9.44,29589031480,25.09,29709563070,25.19
7,106/12/12,565482000,10.32,28975832190,26.6,28995078520,26.62
8,106/12/13,630448300,12.08,29546561535,28.42,29596966120,28.47
9,106/12/14,565519100,10.09,30345369555,26.69,30372450500,26.72
10,106/12/15,567440000,9.9,29384882680,23.19,29423526850,23.22
11,106/12/18,488992000,10.65,25954729060,27.02,26006775020,27.07
12,106/12/19,503697000,9.87,29318245910,26.01,29336502140,26.03
13,106/12/20,579989200,11.4,28831158650,27.75,28923944540,27.84
14,106/12/21,553640000,10.87,26877975700,27.08,26899970650,27.11
15,106/12/22,504064000,10.97,25050207240,27.23,25089909310,27.27
16,106/12/25,554480000,12.72,23443738690,28.72,23471331470,28.75
17,106/12/26,501111000,9.89,26923969390,27.59,26905760840,27.57
18,106/12/27,582818500,11.84,26444602600,28.55,26490510940,28.6
19,106/12/28,603367000,11.05,28197439500,25.55,28259527770,25.61
20,106/12/29,601011100,11.23,27805368280,25.29,27816087580,25.3
0,107/01/02,580347000,10.76,25330299860,24.24,25428000470,24.33
1,107/01/03,666451600,10.18,32109564650,22.65,32193306910,22.71
2,107/01/04,718255200,10.65,33776514130,23.5,33891802880,23.58
3,107/01/05,686199600,10.21,34753485540,24.13,34831134220,24.18
4,107/01/08,682704200,10.11,30218851485,21.69,30261201410,21.72
5,107/01/09,676227200,10.47,30398615610,22.81,30395884510,22.81
6,107/01/10,721292100,10.58,29244306000,21.01,29274269815,21.03
7,107/01/11,665182100,11.16,29826083640,23.92,29869791615,23.96
8,107/01/12,702760400,10.94,30666425050,23.95,30725622080,24.0
9,107/01/15,585657500,9.33,28209283860,22.2,28267888110,22.25
10,107/01/16,724169000,11.02,32578207040,24.49,32682534830,24.57
11,107/01/17,908243500,12.16,34757737620,23.39,34824061270,23.43
12,107/01/18,676389000,9.46,33350200530,21.92,33384397850,21.95
13,107/01/19,622490300,9.91,29510369805,21.53,29558939010,21.56
14,107/01/22,750268000,10.35,34677371375,23.02,34799945285,23.11
15,107/01/23,916022300,11.63,41238894630,25.0,41251733555,25.01
16,107/01/24,850106600,11.68,36631407590,24.73,36705899580,24.78
17,107/01/25,873007800,11.18,39853561665,24.33,39893255505,24.35
18,107/01/26,700694000,10.55,34326087425,24.72,34382445425,24.76
19,107/01/29,587066200,9.29,32814286220,24.79,32897411900,24.85
20,107/01/30,616096300,9.14,31742982750,22.8,31739239415,22.79
21,107/01/31,686359000,10.35,33045674905,24.33,33173150610,24.43
0,107/02/01,567992400,9.22,30565953205,24.88,30589569595,24.9
1,107/02/02,505229500,9.07,30985299490,25.6,31019484570,25.63
2,107/02/05,534273000,8.88,28289979160,21.73,28424859900,21.83
3,107/02/06,924600200,8.82,42650044690,17.58,42600635885,17.56
4,107/02/07,708460800,9.41,39242205570,22.33,39275657590,22.34
5,107/02/08,634066100,10.39,29372503940,24.12,29343908335,24.1
6,107/02/09,815667600,12.7,36861265365,24.25,37090934495,24.4
7,107/02/12,485344500,11.26,21732068025,19.68,21716208120,19.66
8,107/02/21,519652400,8.57,25146409620,16.21,25260219040,16.29
9,107/02/22,550497100,8.94,28094268870,21.91,28194008090,21.99
10,107/02/23,669149100,10.51,32025451410,25.04,32033769585,25.05
11,107/02/26,561496000,9.26,29849786410,24.41,29895586470,24.45
12,107/02/27,680667000,10.27,32854197330,23.51,32861254060,23.51
0,107/03/01,628049300,9.79,29947934600,22.69,30045401870,22.76
1,107/03/02,517516000,9.34,26168234850,23.5,26237713250,23.56
2,107/03/05,547646000,10.26,28843575430,25.37,28853012930,25.37
3,107/03/06,509638000,10.02,29710633630,26.36,29767474920,26.41
4,107/03/07,549613300,9.74,31174809675,25.27,31224713570,25.31
5,107/03/08,685763000,10.75,31938740690,26.3,32003678620,26.35
6,107/03/09,622653000,9.91,32212118160,25.75,32236413990,25.77
7,107/03/12,617233000,8.82,30515877200,21.62,30563203580,21.65
8,107/03/13,555680000,8.48,29754383590,22.16,29823990730,22.22
9,107/03/14,595202200,9.96,30868097040,25.7,30885187315,25.72
10,107/03/15,538514000,9.21,28542040440,25.26,28616175920,25.33
11,107/03/16,566422000,8.55,34959667800,20.78,35002908100,20.81
12,107/03/19,507860000,9.04,27334583760,24.39,27405723920,24.46
13,107/03/20,497802100,8.65,26792673260,24.0,26832030215,24.04
14,107/03/21,550542100,8.68,32564141965,24.52,32644604520,24.58
15,107/03/22,636895000,8.93,38914778470,25.97,38860916780,25.94
16,107/03/23,562206300,8.18,30567484830,20.4,30685530360,20.48
17,107/03/26,499627300,8.85,29126254330,24.11,29187113685,24.16
18,107/03/27,516165100,8.13,31276759930,23.81,31326696845,23.85
19,107/03/28,494459100,8.68,29450604220,24.99,29444544340,24.99
20,107/03/29,544524000,9.95,29614488480,25.15,29669338920,25.19
21,107/03/30,563541000,9.65,30252654670,26.3,30252556040,26.3
22,107/03/31,365339100,8.25,18599465465,24.22,18622802125,24.25
0,107/04/02,558575000,10.46,27206432740,26.33,27186079900,26.31
1,107/04/03,466461000,8.79,25388120810,21.65,25473470760,21.73
2,107/04/09,565410100,9.78,26908396150,20.32,26973981940,20.37
3,107/04/10,689950400,9.87,34785417625,24.12,34845696545,24.16
4,107/04/11,551626300,8.75,31129119850,23.94,31156884540,23.96
5,107/04/12,468119200,8.34,24830377990,22.4,24857370570,22.42
6,107/04/13,534354100,8.56,29505511170,23.45,29589690390,23.51
7,107/04/16,568070100,8.86,31083807260,24.45,31160137840,24.51
8,107/04/17,538855100,8.14,38673054395,25.11,38687048520,25.12
9,107/04/18,577278100,8.82,40463371130,27.21,40522782575,27.25
10,107/04/19,614640100,8.64,45236587890,29.04,45338950035,29.11
11,107/04/20,558387100,8.2,39981093690,25.29,39978161740,25.29
12,107/04/23,525300100,8.68,34757575180,25.36,34749319090,25.36
13,107/04/24,609776200,8.98,44329327400,27.64,44306226660,27.62
14,107/04/25,627777000,9.88,39634109560,28.97,39712718960,29.03
15,107/04/26,640604100,9.64,38597177105,27.29,38448701340,27.19
16,107/04/27,537606200,9.13,31562168150,26.29,31638636800,26.36
17,107/04/30,527828100,8.61,35486293680,29.81,35582212660,29.89
0,107/05/02,508407000,8.03,36874317050,28.56,36900444270,28.58
1,107/05/03,526015000,9.0,38078245970,30.61,38115726500,30.64
2,107/05/04,554597100,9.8,41050962010,33.97,41113700100,34.02
3,107/05/07,551571000,9.02,41336295020,32.79,41491904560,32.91
4,107/05/08,609578200,8.62,37609671540,28.13,37645185755,28.15
5,107/05/09,679405000,9.6,43182845730,31.81,43304466620,31.9
6,107/05/10,630061200,8.92,42043052980,30.18,42111676315,30.23
7,107/05/11,681932000,9.21,51963376170,31.34,52001703090,31.37
8,107/05/14,589440000,8.16,35825398870,24.63,35941286930,24.71
9,107/05/15,714120000,9.81,43432077670,28.15,43458644960,28.17
10,107/05/16,774714000,10.72,35887107650,25.81,35954334040,25.86
11,107/05/17,668448000,9.67,34690150730,25.9,34673578390,25.88
12,107/05/18,738832000,10.84,33645318280,26.32,33686273340,26.35
13,107/05/21,625976100,8.78,31644189035,24.81,31718864420,24.87
14,107/05/22,689433000,9.51,41247802430,30.63,41316591170,30.68
15,107/05/23,700662200,10.37,42117022750,30.14,42169276190,30.17
16,107/05/24,641356000,10.13,40670701930,31.85,40783189300,31.94
17,107/05/25,578980000,8.98,39357938910,30.51,39427462450,30.56
18,107/05/28,705597200,10.37,41901303430,29.68,42048605000,29.78
19,107/05/29,667412200,9.84,44083921730,31.34,44182351360,31.41
20,107/05/30,762364400,10.26,44769639045,27.35,44908653540,27.44
21,107/05/31,942229000,10.85,57092462510,23.86,57052798380,23.84
0,107/06/01,744449000,10.96,42005960960,29.72,42112015810,29.79
1,107/06/04,681187000,8.95,41829826750,26.54,41917900430,26.6
2,107/06/05,783325000,10.08,50162882390,30.52,50143121090,30.5
3,107/06/06,773623000,9.54,48027962860,27.74,48176000860,27.82
4,107/06/07,1022178100,11.81,59328693330,31.17,59434511180,31.22
5,107/06/08,778414000,10.43,46917518970,28.8,46965250180,28.83
6,107/06/11,727360000,11.11,47257222520,30.23,47414755840,30.33
7,107/06/12,829245000,11.26,59110157920,32.27,59203724000,32.32
8,107/06/13,981739000,13.03,59784830930,33.36,59769929570,33.35
9,107/06/14,921718000,12.92,52925891640,31.69,52996105580,31.73
10,107/06/15,854991100,11.49,54709216755,28.29,54830540555,28.35
11,107/06/19,739672000,10.14,43509542070,25.29,43515838210,25.29
12,107/06/20,929055200,12.45,60152637985,33.22,60177939150,33.24
13,107/06/21,759091200,12.16,44522421800,32.19,44573762365,32.23
14,107/06/22,835706100,12.92,48001846550,31.65,48115385015,31.73
15,107/06/25,684646000,12.26,37116045380,29.24,37108709010,29.24
16,107/06/26,815268200,12.45,42251897175,29.54,42420582915,29.66
17,107/06/27,717867200,11.88,50547243985,33.87,50554556795,33.88
18,107/06/28,656817000,11.28,43951092400,33.04,43990801470,33.07
19,107/06/29,643836000,10.9,44775731340,31.62,44890941600,31.7
0,107/07/02,627063000,9.95,46537114970,32.12,46652848590,32.2
1,107/07/03,862462300,12.79,61678009635,35.73,61509653910,35.63
2,107/07/04,653851000,11.93,43397889900,35.05,43447608560,35.09
3,107/07/05,609420000,11.37,42944334810,32.41,42762768520,32.27
4,107/07/06,771573000,12.51,54934565550,33.98,55054240820,34.05
5,107/07/09,620723000,10.12,42553065470,30.34,42562967060,30.35
6,107/07/10,687459000,10.91,39005623870,30.7,39102231000,30.77
7,107/07/11,673316200,12.14,39792518920,30.14,39808859580,30.15
8,107/07/12,557164000,9.31,41545661160,31.29,41673425280,31.39
9,107/07/13,579472000,8.6,42399562500,29.18,42492347910,29.24
10,107/07/16,505389000,8.65,38786749200,30.64,38772265840,30.63
11,107/07/17,551667100,9.56,45851639015,33.86,45847496755,33.86
12,107/07/18,661632000,9.98,53995180180,32.53,53967854110,32.52
13,107/07/19,589682000,9.99,49582502550,34.27,49644931110,34.32
14,107/07/20,614813400,10.38,48209821545,28.75,48205601545,28.75
15,107/07/23,563438100,10.15,47073977635,31.28,47169070100,31.35
16,107/07/24,580523000,9.79,45960771390,31.47,46070506870,31.54
17,107/07/25,488021000,8.77,37819970110,30.42,37862577570,30.45
18,107/07/26,579482000,10.26,42373675630,31.58,42425464270,31.62
19,107/07/27,547133100,9.63,36331028700,28.77,36400117355,28.82
20,107/07/30,486266000,8.86,33536162220,26.47,33511789640,26.46
21,107/07/31,541740000,9.39,50584904960,31.81,50663852260,31.86
0,107/08/01,543687000,9.06,46461923730,31.93,46516365870,31.97
1,107/08/02,527078300,8.5,39975808535,28.1,39930114685,28.06
2,107/08/03,518331000,10.5,48510517050,35.28,48544835470,35.31
3,107/08/06,469905100,8.97,36583589725,31.35,36607445320,31.37
4,107/08/07,452471000,8.78,35133078830,29.07,35222778670,29.14
5,107/08/08,499467000,8.98,42650333730,29.91,42529669470,29.83
6,107/08/09,458548000,8.61,41114674380,32.48,41162026690,32.52
7,107/08/10,469952000,9.38,39079903090,31.11,39027985590,31.07
8,107/08/13,564404100,8.81,43559158430,27.29,43575147535,27.3
9,107/08/14,569821000,10.55,46479480040,33.57,46661768210,33.71
10,107/08/15,596309000,10.8,42103124470,31.06,42142199610,31.08
11,107/08/16,759024100,13.67,49620178215,35.02,49805550530,35.15
12,107/08/17,594672000,11.91,45356225670,35.35,45318335430,35.32
13,107/08/20,536349000,11.58,39434564130,34.37,39497476540,34.43
14,107/08/21,493498000,10.43,38548032600,33.89,38608909420,33.94
15,107/08/22,496845000,10.5,29623624960,30.01,29654365280,30.05
16,107/08/23,502081000,10.52,31602555350,31.23,31618689860,31.25
17,107/08/24,448808000,10.56,32935146000,33.71,32972995640,33.75
18,107/08/27,420001000,9.73,33188222450,31.25,33289205070,31.34
19,107/08/28,493572000,10.41,42052075480,32.41,42056910220,32.41
20,107/08/29,449982000,9.87,36934278550,30.64,36999855300,30.69
21,107/08/30,504356000,11.3,33893110900,29.27,33902812200,29.27
22,107/08/31,510656000,11.45,31381228780,25.73,31441559540,25.78
0,107/09/03,459962300,10.86,32062753880,28.33,32030195140,28.3
1,107/09/04,471952000,11.31,43268144460,36.71,43392373080,36.81
2,107/09/05,469221000,10.39,35495599270,29.84,35514309710,29.85
3,107/09/06,559295000,11.66,45052226150,34.19,45094354920,34.22
4,107/09/07,657488000,12.1,45307555550,29.56,45279558890,29.54
5,107/09/10,630686200,11.84,46202791750,29.51,46246510770,29.54
6,107/09/11,589248500,12.5,40925209430,31.54,40999436115,31.59
7,107/09/12,574763000,12.48,39761046140,31.73,39812768590,31.77
8,107/09/13,599034000,13.99,38452941140,33.23,38451510230,33.23
9,107/09/14,604039000,12.45,44558958960,34.49,44713028000,34.61
10,107/09/17,477281000,11.77,28708877830,31.53,28767510890,31.6
11,107/09/18,557727000,12.08,36924303100,31.25,36940620560,31.27
12,107/09/19,569697000,11.53,41182284720,30.94,41160383110,30.92
13,107/09/20,592714000,12.31,49394801630,36.53,49485515960,36.6
14,107/09/21,612135000,11.48,46532606610,29.15,46693803140,29.25
15,107/09/25,561504000,12.6,37371267870,32.15,37452964040,32.22
16,107/09/26,566093000,12.79,34296076840,31.74,34304995130,31.75
17,107/09/27,565664000,12.09,38968355010,31.43,39007912950,31.46
18,107/09/28,657009000,13.45,47721777050,34.26,47774743880,34.3
0,107/10/01,409559000,10.24,29394632760,31.3,29451509970,31.36
1,107/10/02,452974000,10.37,34201457380,31.51,34190624560,31.5
2,107/10/03,452406100,11.5,32936259415,32.59,32932044465,32.58
3,107/10/04,447708000,10.68,33867971620,29.9,33883999610,29.91
4,107/10/05,693342000,12.5,45326539900,30.11,45317283340,30.1
5,107/10/08,554471000,12.13,42741666380,33.68,42785312630,33.72
6,107/10/09,637360100,13.56,42889389080,34.94,42981827755,35.01
7,107/10/11,731339000,9.02,40000164500,19.09,40107009350,19.14
8,107/10/12,746501100,12.5,44644760530,30.11,44853447460,30.26
9,107/10/15,532924000,11.22,35123305430,29.69,35184488020,29.75
10,107/10/16,570355000,13.06,35561693110,32.64,35627710880,32.7
11,107/10/17,575306000,12.99,37926625020,32.85,37928801580,32.85
12,107/10/18,544023000,13.82,35517780590,36.34,35553801900,36.38
13,107/10/19,685136000,13.41,41539697580,32.8,41616365560,32.86
14,107/10/22,558663000,12.11,36881528760,36.06,36990355640,36.17
15,107/10/23,523377300,11.41,32230529835,31.16,32210906730,31.15
16,107/10/24,815672100,15.51,45703393460,36.58,45796398570,36.65
17,107/10/25,711745100,12.5,37135036065,28.06,37200723250,28.11
18,107/10/26,777946000,15.14,44597012580,33.56,44588330780,33.56
19,107/10/29,672532000,14.32,38584754730,36.08,38643073260,36.14
20,107/10/30,684970100,15.09,36218656005,35.78,36273712715,35.83
21,107/10/31,733039000,13.75,41916768380,31.75,42054200360,31.85
0,107/11/01,737417000,13.42,44596046830,34.58,44760682870,34.7
1,107/11/02,980036000,15.89,62266525830,40.44,62422925650,40.54
2,107/11/05,655500100,13.42,38843078030,35.66,38886619695,35.7
3,107/11/06,704689000,14.35,43943753730,36.86,43887955250,36.82
4,107/11/07,683110000,13.8,47883741530,40.39,47992442800,40.48
5,107/11/08,667998000,13.17,43401776660,36.0,43362905200,35.97
6,107/11/09,529310000,11.91,38085180790,37.06,38128358510,37.1
7,107/11/12,521285000,12.64,32924735880,35.87,32963258910,35.91
8,107/11/13,700043200,13.72,41248049360,36.34,41392952750,36.46
9,107/11/14,628008000,13.16,37188906450,35.5,37223788120,35.54
10,107/11/15,695636000,15.31,34815344350,35.35,34860468480,35.4
11,107/11/16,762095000,15.86,42919115740,36.29,42983230590,36.34
12,107/11/19,495025000,12.27,27512125340,29.5,27548280000,29.54
13,107/11/20,499109000,12.6,30668759650,32.62,30692248720,32.64
14,107/11/21,566137000,13.58,34714889540,33.78,34792139790,33.85
15,107/11/22,569813000,14.05,38161940190,38.2,38139600570,38.18
16,107/11/23,463946000,12.49,27095523270,34.93,27073382160,34.9
17,107/11/26,604784000,15.35,29986867340,32.91,30044619210,32.97
18,107/11/27,540837100,12.48,31322415670,30.74,31396767120,30.81
19,107/11/28,722989000,13.35,42383257510,32.92,42577722590,33.07
20,107/11/29,768414000,13.1,45090459920,31.25,45142150860,31.29
21,107/11/30,830498000,12.56,42715744940,24.93,42833353370,25.0
0,107/12/03,832208000,11.97,41695821490,24.42,41871461910,24.52
1,107/12/04,705817000,12.58,44068035950,30.23,44129247400,30.27
2,107/12/05,594343000,12.44,34777845860,30.1,34850442920,30.16
3,107/12/06,707737000,12.53,41214879550,28.56,41081011850,28.46
4,107/12/07,538548000,13.66,34712632230,34.97,34767857560,35.02
5,107/12/10,618620100,14.49,31521642455,31.36,31555593385,31.39
6,107/12/11,526154000,14.4,30773372680,33.15,30828962460,33.21
7,107/12/12,506608000,12.24,28148561030,27.48,28192965430,27.53
8,107/12/13,590112000,12.97,35625724220,31.28,35659222410,31.31
9,107/12/14,525187000,13.35,29946708720,30.69,29981186850,30.73
10,107/12/17,516204000,14.13,26310969580,32.61,26361035090,32.67
11,107/12/18,485532200,11.35,24633762430,25.46,24661523870,25.49
12,107/12/19,524811000,13.19,25619409000,28.06,25624329030,28.06
13,107/12/20,550412200,12.92,26067975050,27.26,26087303825,27.28
14,107/12/21,608378100,13.0,33636292305,29.9,33715522080,29.97
15,107/12/22,255955000,10.98,12549293110,32.41,12563718030,32.45
16,107/12/24,403211000,13.28,19115682430,27.68,19158787110,27.75
17,107/12/25,456360000,12.71,21721152200,29.5,21761179480,29.55
18,107/12/26,462153000,14.89,23237465380,33.37,23165454230,33.27
19,107/12/27,504782000,13.73,26861773880,32.74,26875651340,32.76
20,107/12/28,382954000,12.34,19007767760,25.4,19033553060,25.43
0,108/01/02,384118100,12.07,19144554720,26.38,19131447850,26.37
1,108/01/03,456015000,11.66,25263415510,27.73,25297759600,27.77
2,108/01/04,528148000,11.37,28760265770,26.62,28819407080,26.68
3,108/01/07,478807100,11.19,21750914190,23.24,21787434760,23.28
4,108/01/08,420831000,12.22,20458828950,26.02,20493559340,26.06
5,108/01/09,582062000,11.44,33887270990,26.31,33991617590,26.39
6,108/01/10,463144000,11.74,24814903960,27.78,24851043460,27.82
7,108/01/11,454861000,11.73,27453302980,28.79,27466751300,28.81
8,108/01/14,358474000,10.84,19860411220,27.29,19882239180,27.32
9,108/01/15,443081000,11.11,26861130240,26.72,26926854120,26.79
10,108/01/16,476636000,11.62,25943053430,27.0,25987737600,27.05
11,108/01/17,483348000,12.73,26820134340,28.8,26823948770,28.8
12,108/01/18,423094000,11.03,25781783700,26.32,25827425060,26.37
13,108/01/21,423480000,10.81,23967028680,25.52,23996069700,25.55
14,108/01/22,380600000,11.75,21263779490,26.91,21271128300,26.92
15,108/01/23,321911000,11.35,17147376280,25.38,17166564750,25.41
16,108/01/24,423497000,13.2,23721094040,27.56,23743171520,27.59
17,108/01/25,488786000,11.12,27235745620,23.93,27289745980,23.98
18,108/01/28,425394000,10.98,24765321630,25.89,24801953590,25.93
19,108/01/29,405030000,11.98,22594617000,25.01,22622614700,25.04
20,108/01/30,416063000,12.61,23767646980,23.02,23793701020,23.05
0,108/02/11,473824000,10.28,25669655060,19.04,25747198350,19.1
1,108/02/12,536825000,10.62,31236426320,24.96,31319503230,25.03
2,108/02/13,623349000,11.86,38384113180,27.31,38489697320,27.39
3,108/02/14,504882000,10.86,27347374180,24.06,27395223930,24.11
4,108/02/15,508143000,11.16,27274211620,23.91,27300269750,23.94
5,108/02/18,478236000,11.11,26238121890,24.31,26288656420,24.35
6,108/02/19,541525500,12.86,29110702010,27.64,29191612520,27.71
7,108/02/20,566869000,11.73,35350386970,26.28,35413370570,26.33
8,108/02/21,639545000,13.09,33923322320,27.13,33985533820,27.18
9,108/02/22,583934000,13.43,32094833310,27.29,32141471970,27.33
10,108/02/25,606402000,11.75,32987520450,24.35,33071702140,24.42
11,108/02/26,635478000,12.63,38346012940,27.25,38355894480,27.25
12,108/02/27,554359000,12.24,31314099490,22.76,31393287770,22.82
0,108/03/04,551183100,11.77,30367749090,21.51,30442269075,21.56
1,108/03/05,449231000,11.52,27653936870,26.07,27674227150,26.09
2,108/03/06,506241000,13.5,27138674230,26.76,27176274890,26.8
3,108/03/07,552552000,12.93,26713528450,24.54,26721491020,24.55
4,108/03/08,583843100,13.71,28924365600,27.34,28981078555,27.39
5,108/03/11,473194000,12.69,24339151680,25.84,24373607590,25.88
6,108/03/12,509022000,12.18,28257634750,25.42,28291020280,25.45
7,108/03/13,562111000,15.03,26459463080,27.17,26492840290,27.21
8,108/03/14,581184000,14.16,32887162680,28.44,32937583340,28.49
9,108/03/15,678274000,13.33,40245847480,26.04,40335133750,26.09
10,108/03/18,587204000,13.45,30028383100,25.7,30110762570,25.78
11,108/03/19,597033000,13.38,30133596510,25.4,30172648550,25.44
12,108/03/20,633155000,14.8,32503587590,27.24,32579410410,27.3
13,108/03/21,556621000,13.42,27712999990,24.55,27774477200,24.6
14,108/03/22,681392000,14.19,35570853790,26.98,35580759000,26.99
15,108/03/25,533508000,11.91,25208016290,23.01,25276621990,23.07
16,108/03/26,523707000,13.59,28016984550,26.59,28033271370,26.61
17,108/03/27,484966000,12.04,25475878330,24.15,25523343630,24.19
18,108/03/28,465567000,12.24,20861381850,23.01,20879570430,23.03
19,108/03/29,537773400,11.35,25898463830,20.91,25947672650,20.95
0,108/04/01,655277000,11.82,35184349800,22.78,35255534990,22.83
1,108/04/02,577390000,12.41,33260628610,24.56,33354644330,24.63
2,108/04/03,540754000,13.19,28064263430,23.79,28111026730,23.82
3,108/04/08,639164500,11.84,33362449230,20.83,33431153165,20.87
4,108/04/09,582762000,11.46,32776862290,23.46,32818573620,23.49
5,108/04/10,540680100,11.61,28504548915,21.68,28563394350,21.72
6,108/04/11,584987100,11.57,31669470385,22.55,31655992390,22.54
7,108/04/12,519954000,11.91,29486811520,24.36,29486741210,24.36
8,108/04/15,525860700,11.42,27071864940,22.51,27136053060,22.56
9,108/04/16,749408000,14.88,32490778590,24.44,32572655510,24.5
10,108/04/17,745500000,13.5,41960849630,24.79,42046727280,24.84
11,108/04/18,711573000,12.42,43402197700,23.95,43346221895,23.92
12,108/04/19,618646000,13.83,34323205640,26.65,34342222770,26.66
13,108/04/22,601805300,13.58,26873680140,23.97,26823315000,23.93
14,108/04/23,553385100,13.78,29466352245,26.32,29494207465,26.34
15,108/04/24,595482000,13.93,30209345160,23.93,30231883300,23.94
16,108/04/25,604375200,14.8,30150998790,26.08,30177147140,26.1
17,108/04/26,563980100,12.75,28025227765,24.21,28022158205,24.2
18,108/04/29,543806000,13.12,31719495850,26.17,31743727370,26.19
